Ref,Alt,VariantType,VariantInfo,DNAChange,HugoSymbol,ModelID
C,G,SNV,missense_variant,ENST00000378536.5:c.33C>G,SKI,ACH-001328
G,T,SNV,stop_gained,ENST00000378378.9:c.547G>T,ARHGEF16,ACH-001328
C,G,SNV,missense_variant,ENST00000333172.11:c.1154C>G,TAS1R1,ACH-001328
C,T,SNV,missense_variant,ENST00000376259.7:c.781C>T,TNFRSF1B,ACH-001328
C,A,SNV,missense_variant,ENST00000375254.8:c.14427G>T,UBR4,ACH-001328
C,T,SNV,missense_variant,ENST00000373912.8:c.208G>A,RPA2,ACH-001328
G,C,SNV,stop_gained,ENST00000373871.8:c.122C>G,EYA3,ACH-001328
C,T,SNV,missense_variant,ENST00000235532.9:c.320G>A,OSCP1,ACH-001328
G,A,SNV,stop_gained,ENST00000347132.10:c.1097G>A,KCNQ4,ACH-001328
C,T,SNV,missense_variant,ENST00000359947.9:c.5005C>T,PTPRF,ACH-001328
G,A,SNV,missense_variant,ENST00000371891.8:c.1201G>A,CYP4A22,ACH-001328
C,G,SNV,missense_variant,ENST00000354567.7:c.686C>G,AK5,ACH-001328
G,T,SNV,missense_variant,ENST00000294664.11:c.164G>T,DNAI3,ACH-001328
C,T,SNV,missense_variant,ENST00000370571.7:c.2179G>A,COL24A1,ACH-001328
G,A,SNV,missense_variant,ENST00000370565.5:c.2195G>A,CLCA2,ACH-001328
G,C,SNV,missense_variant,ENST00000361915.8:c.4090G>C,AGL,ACH-001328
C,G,SNV,missense_variant&splice_region_variant,ENST00000370096.9:c.2144G>C,COL11A1,ACH-001328
G,T,SNV,missense_variant,ENST00000369962.8:c.2740C>A,WDR47,ACH-001328
G,T,SNV,stop_gained,ENST00000234739.8:c.1714G>T,BCL9,ACH-001328
G,C,SNV,stop_lost,ENST00000368910.4:c.554G>C,TNFAIP8L2,ACH-001328
C,T,SNV,missense_variant,ENST00000368801.4:c.1606G>A,HRNR,ACH-001328
T,C,SNV,missense_variant,ENST00000368655.5:c.775A>G,GATAD2B,ACH-001328
C,G,SNV,missense_variant,ENST00000368192.9:c.1171G>C,ETV3,ACH-001328
G,A,SNV,missense_variant&splice_region_variant,ENST00000241704.8:c.2351C>T,COPA,ACH-001328
G,C,SNV,missense_variant,ENST00000368043.8:c.608G>C,SLAMF7,ACH-001328
G,C,SNV,missense_variant,ENST00000367696.7:c.1889C>G,RC3H1,ACH-001328
C,T,SNV,missense_variant,ENST00000442510.8:c.185C>T,PTPRC,ACH-001328
G,C,SNV,missense_variant,ENST00000358823.7:c.1983G>C,CAMSAP2,ACH-001328
C,A,SNV,missense_variant,ENST00000362061.4:c.4474G>T,CACNA1S,ACH-001328
G,C,SNV,missense_variant,ENST00000335211.9:c.4156G>C,IGFN1,ACH-001328
G,T,SNV,stop_gained,ENST00000335211.9:c.5335G>T,IGFN1,ACH-001328
G,T,SNV,stop_gained,ENST00000685211.1:c.3010G>T,NAV1,ACH-001328
G,C,SNV,missense_variant,ENST00000295640.9:c.893G>C,RNPEP,ACH-001328
G,C,SNV,missense_variant,ENST00000367188.5:c.1865C>G,PPP1R15B,ACH-001328
G,C,SNV,missense_variant,ENST00000358024.8:c.1635G>C,TMCC2,ACH-001328
G,A,SNV,stop_gained,ENST00000358951.7:c.2443C>T,RAB3GAP2,ACH-001328
G,C,SNV,missense_variant,ENST00000366872.10:c.211C>G,CAPN8,ACH-001328
G,C,SNV,missense_variant,ENST00000366667.6:c.518C>G,AGT,ACH-001328
C,G,SNV,missense_variant,ENST00000366647.9:c.746C>G,GNPAT,ACH-001328
G,A,SNV,missense_variant,ENST00000319653.14:c.1019G>A,FMN2,ACH-001328
C,T,SNV,splice_acceptor_variant,ENST00000374867.7:c.1283-1G>A,NRP1,ACH-001328
C,G,SNV,missense_variant,ENST00000374867.7:c.195G>C,NRP1,ACH-001328
C,T,SNV,splice_donor_variant,ENST00000374788.8:c.1016+1G>A,PARD3,ACH-001328
G,A,SNV,missense_variant,ENST00000340258.10:c.275G>A,RASSF4,ACH-001328
G,C,SNV,missense_variant,ENST00000374144.8:c.369G>C,C10orf71,ACH-001328
G,C,SNV,stop_gained,ENST00000337910.10:c.2045C>G,RHOBTB1,ACH-001328
G,A,SNV,missense_variant,ENST00000609923.6:c.199C>T,SLC25A16,ACH-001328
G,A,SNV,missense_variant,ENST00000265872.11:c.1772G>A,CCAR1,ACH-001328
C,G,SNV,missense_variant,ENST00000370489.5:c.390C>G,ENTPD7,ACH-001328
C,G,SNV,missense_variant,ENST00000619208.6:c.273G>C,PDZD7,ACH-001328
G,A,SNV,stop_gained,ENST00000369983.5:c.2430G>A,GBF1,ACH-001328
C,T,SNV,missense_variant,ENST00000337478.3:c.544G>A,ITPRIP,ACH-001328
G,A,SNV,missense_variant,ENST00000368654.8:c.7358C>T,MKI67,ACH-001328
C,T,SNV,missense_variant,ENST00000641377.2:c.317C>T,OR56B2P,ACH-001328
C,G,SNV,missense_variant,ENST00000641160.1:c.762C>G,OR56A3,ACH-001328
TG,T,deletion,frameshift_variant,ENST00000379936.3:c.1281del,CNGA4,ACH-001328
G,C,SNV,missense_variant,ENST00000531066.6:c.3738C>G,PLEKHA7,ACH-001328
C,T,SNV,missense_variant,ENST00000640961.2:c.734C>T,ELP4,ACH-001328
G,C,SNV,missense_variant,ENST00000378397.1:c.10G>C,OR5L2,ACH-001328
G,A,SNV,missense_variant,ENST00000378397.1:c.586G>A,OR5L2,ACH-001328
G,T,SNV,missense_variant,ENST00000533211.6:c.1617C>A,SPTBN2,ACH-001328
G,T,SNV,missense_variant,ENST00000530210.1:c.127G>T,DEFB131B,ACH-001328
C,T,SNV,stop_gained,ENST00000393676.5:c.7C>T,FOLR1,ACH-001328
G,C,SNV,missense_variant,ENST00000534064.6:c.790C>G,INTS4,ACH-001328
T,TGGGGGGGGGGGGGG,insertion,frameshift_variant,ENST00000361507.5:c.1055_1056insCCCCCCCCCCCCCC,GAB2,ACH-001328
C,T,SNV,missense_variant,ENST00000542198.3:c.289C>T,C11orf97,ACH-001328
G,A,SNV,splice_acceptor_variant,ENST00000375735.7:c.11023-1G>A,DYNC2H1,ACH-001328
G,T,SNV,missense_variant,ENST00000264029.9:c.1400C>A,TREH,ACH-001328
A,G,SNV,missense_variant,ENST00000527786.7:c.1321A>G,FLI1,ACH-001328
G,A,SNV,missense_variant,ENST00000538872.6:c.2911G>A,IQSEC3,ACH-001328
A,C,SNV,missense_variant,ENST00000382622.4:c.155A>C,PRMT8,ACH-001328
G,A,SNV,missense_variant,ENST00000228918.9:c.827G>A,LTBR,ACH-001328
G,A,SNV,missense_variant,ENST00000359062.4:c.1054G>A,PDE3A,ACH-001328
G,C,SNV,missense_variant,ENST00000454784.10:c.12008G>C,MUC19,ACH-001328
G,A,SNV,missense_variant,ENST00000389420.8:c.1552C>T,ADAMTS20,ACH-001328
C,T,SNV,missense_variant,ENST00000335017.1:c.182C>T,H1-7,ACH-001328
C,T,SNV,missense_variant,ENST00000335154.10:c.22G>A,FMNL3,ACH-001328
G,C,SNV,splice_acceptor_variant,ENST00000394963.9:c.409-1G>C,SMARCD1,ACH-001328
C,A,SNV,missense_variant,ENST00000453097.7:c.870C>A,SLC4A8,ACH-001328
G,C,SNV,splice_acceptor_variant,ENST00000243052.8:c.478-1G>C,PDE1B,ACH-001328
C,G,SNV,missense_variant,ENST00000257940.7:c.1021C>G,ZC3H10,ACH-001328
C,G,SNV,missense_variant,ENST00000346473.8:c.79G>C,DDIT3,ACH-001328
G,A,SNV,missense_variant,ENST00000261234.11:c.1281G>A,RXYLT1,ACH-001328
A,G,SNV,missense_variant,ENST00000261233.9:c.1780A>G,IRAK3,ACH-001328
C,A,SNV,stop_gained&splice_region_variant,ENST00000397809.10:c.415G>T,CEP83,ACH-001328
G,A,SNV,missense_variant,ENST00000333003.10:c.145C>T,NR2C1,ACH-001328
G,C,SNV,missense_variant,ENST00000524981.9:c.7765G>C,CFAP54,ACH-001328
C,T,SNV,missense_variant,ENST00000552981.6:c.541C>T,SLC25A3,ACH-001328
G,C,SNV,missense_variant,ENST00000536262.3:c.1531C>G,SLC5A8,ACH-001328
T,TC,insertion,frameshift_variant,ENST00000261637.5:c.3443_3444insC,UTP20,ACH-001328
C,A,SNV,stop_gained,ENST00000552951.7:c.41C>A,NOPCHAP1,ACH-001328
C,CT,insertion,frameshift_variant,ENST00000337233.9:c.1073dup,P2RX4,ACH-001328
A,G,SNV,missense_variant,ENST00000333479.12:c.2059A>G,KNTC1,ACH-001328
G,A,SNV,stop_gained,ENST00000320201.10:c.1600C>T,PITPNM2,ACH-001328
C,G,SNV,missense_variant,ENST00000422113.7:c.2637G>C,TMEM132D,ACH-001328
C,CCGATGGA,insertion,frameshift_variant,ENST00000360564.5:c.1584_1590dup,MMP17,ACH-001328
C,T,SNV,missense_variant,ENST00000355557.7:c.799C>T,ZNF140,ACH-001328
C,G,SNV,missense_variant,ENST00000382592.5:c.1950G>C,LATS2,ACH-001328
C,G,SNV,missense_variant,ENST00000544440.7:c.8874G>C,MYCBP2,ACH-001328
C,G,SNV,missense_variant,ENST00000376285.6:c.967C>G,PCCA,ACH-001328
C,G,SNV,missense_variant,ENST00000376180.8:c.1341C>G,ITGBL1,ACH-001328
T,C,SNV,missense_variant,ENST00000315519.3:c.35T>C,OR11H6,ACH-001328
C,T,SNV,missense_variant,ENST00000429687.8:c.1606C>T,PARP2,ACH-001328
C,G,SNV,missense_variant,ENST00000405093.9:c.2415G>C,MYH6,ACH-001328
C,T,SNV,missense_variant,ENST00000341590.8:c.434G>A,FERMT2,ACH-001328
C,G,SNV,missense_variant,ENST00000360909.8:c.2886C>G,DAAM1,ACH-001328
C,G,SNV,missense_variant,ENST00000216446.9:c.538G>C,PLEK2,ACH-001328
C,A,SNV,stop_gained,ENST00000216446.9:c.448G>T,PLEK2,ACH-001328
C,G,SNV,missense_variant,ENST00000555661.6:c.772C>G,PTGR2,ACH-001328
C,G,SNV,missense_variant,ENST00000356924.9:c.1168G>C,ABCD4,ACH-001328
C,G,SNV,missense_variant&splice_region_variant,ENST00000335750.7:c.760C>G,NRXN3,ACH-001328
C,T,SNV,missense_variant,ENST00000334746.10:c.2807G>A,BTBD7,ACH-001328
C,G,SNV,missense_variant,ENST00000402312.8:c.327C>G,WDR25,ACH-001328
G,C,SNV,missense_variant&splice_region_variant,ENST00000329146.9:c.335G>C,CRIP2,ACH-001328
CCT,AAA,substitution,splice_acceptor_variant&coding_sequence_variant,ENST00000256538.9:c.751-2_751delinsTTT,DPH6,ACH-001328
G,T,SNV,missense_variant,ENST00000564754.7:c.3869C>A,ZNF106,ACH-001328
C,G,SNV,missense_variant&splice_region_variant,ENST00000267812.4:c.427G>C,MFAP1,ACH-001328
G,A,SNV,missense_variant,ENST00000263795.11:c.853G>A,WDR76,ACH-001328
C,G,SNV,missense_variant,ENST00000267842.10:c.1383C>G,SLC27A2,ACH-001328
C,G,SNV,missense_variant,ENST00000560891.6:c.2605G>C,DMXL2,ACH-001328
C,T,SNV,missense_variant,ENST00000360509.10:c.2936G>A,WDR72,ACH-001328
G,C,SNV,stop_gained,ENST00000267807.12:c.2462C>G,ZNF280D,ACH-001328
G,C,SNV,missense_variant,ENST00000644861.2:c.2803C>G,VPS13C,ACH-001328
G,C,SNV,missense_variant,ENST00000268058.8:c.1258G>C,PML,ACH-001328
C,G,SNV,missense_variant,ENST00000258886.13:c.2343C>G,IREB2,ACH-001328
C,T,SNV,missense_variant,ENST00000388820.5:c.112G>A,ADAMTS7,ACH-001328
C,G,SNV,missense_variant,ENST00000267984.4:c.810C>G,TLNRD1,ACH-001328
G,A,SNV,missense_variant,ENST00000683961.1:c.2242G>A,IL16,ACH-001328
C,T,SNV,missense_variant,ENST00000304191.4:c.302C>T,RAMAC,ACH-001328
GC,G,deletion,frameshift_variant,ENST00000268124.11:c.3155del,POLG,ACH-001328
G,A,SNV,missense_variant,ENST00000268130.12:c.253G>A,WDR93,ACH-001328
C,T,SNV,missense_variant,ENST00000394272.8:c.10G>A,HDDC3,ACH-001328
GCTC,G,deletion,inframe_deletion,ENST00000199706.13:c.103_105del,MRPL28,ACH-001328
C,G,SNV,missense_variant,ENST00000246957.10:c.1453G>C,TRAP1,ACH-001328
C,G,SNV,missense_variant,ENST00000246957.10:c.1327G>C,TRAP1,ACH-001328
C,T,SNV,missense_variant,ENST00000395799.8:c.4084C>T,TNRC6A,ACH-001328
G,A,SNV,missense_variant,ENST00000324685.11:c.208G>A,RNF40,ACH-001328
C,T,SNV,missense_variant,ENST00000544665.9:c.2293C>T,ITGAM,ACH-001328
G,T,SNV,missense_variant,ENST00000303383.8:c.502C>A,SHCBP1,ACH-001328
T,C,SNV,missense_variant,ENST00000299138.12:c.2300A>G,VPS35,ACH-001328
G,A,SNV,missense_variant,ENST00000250113.12:c.1123C>T,FXR2,ACH-001328
C,T,SNV,missense_variant,ENST00000269305.9:c.818G>A,TP53,ACH-001328
C,T,SNV,missense_variant,ENST00000252172.9:c.2834G>A,MYH13,ACH-001328
C,T,SNV,missense_variant,ENST00000644974.2:c.2420C>T,KSR1,ACH-001328
C,T,SNV,missense_variant,ENST00000321990.5:c.3641C>T,ATAD5,ACH-001328
C,T,SNV,missense_variant,ENST00000321990.5:c.4595C>T,ATAD5,ACH-001328
C,T,SNV,missense_variant,ENST00000620284.5:c.85G>A,RDM1,ACH-001328
C,G,SNV,missense_variant,ENST00000620284.5:c.36G>C,RDM1,ACH-001328
C,G,SNV,missense_variant,ENST00000621332.5:c.169C>G,MLLT6,ACH-001328
G,C,SNV,missense_variant,ENST00000254079.9:c.288G>C,PPP1R1B,ACH-001328
G,C,SNV,missense_variant,ENST00000290015.7:c.697G>C,WNT9B,ACH-001328
C,T,SNV,missense_variant,ENST00000285243.7:c.835G>A,ANKRD40,ACH-001328
C,G,SNV,missense_variant,ENST00000545221.2:c.260C>G,OR4D2,ACH-001328
G,C,SNV,missense_variant,ENST00000205948.11:c.222C>G,APOH,ACH-001328
C,G,SNV,missense_variant,ENST00000306378.11:c.1090C>G,BPTF,ACH-001328
C,A,SNV,missense_variant,ENST00000255559.8:c.376G>T,SLC39A11,ACH-001328
G,C,SNV,stop_lost,ENST00000306897.9:c.579G>C,RAC3,ACH-001328
G,A,SNV,missense_variant,ENST00000313056.10:c.353C>T,OGFOD3,ACH-001328
C,G,SNV,missense_variant,ENST00000315677.8:c.2899G>C,DLGAP1,ACH-001328
C,A,SNV,stop_gained,ENST00000578921.6:c.209C>A,RAB31,ACH-001328
T,C,SNV,missense_variant,ENST00000424526.7:c.5648T>C,GREB1L,ACH-001328
C,T,SNV,missense_variant,ENST00000361524.8:c.2795G>A,ZNF521,ACH-001328
G,A,SNV,missense_variant,ENST00000361524.8:c.2267C>T,ZNF521,ACH-001328
C,T,SNV,missense_variant,ENST00000255226.11:c.2348C>T,SLC14A2,ACH-001328
G,A,SNV,missense_variant,ENST00000282058.11:c.766G>A,HAUS1,ACH-001328
C,A,SNV,missense_variant,ENST00000251287.3:c.1488C>A,HCN2,ACH-001328
G,C,SNV,missense_variant,ENST00000520876.8:c.1691C>G,PLPPR3,ACH-001328
AG,CC,substitution,splice_acceptor_variant,ENST00000382349.5:c.1193-2_1193-1delinsCC,ONECUT3,ACH-001328
GCTC,G,deletion,inframe_deletion,ENST00000221494.10:c.1000_1002del,SF3A2,ACH-001328
C,T,SNV,missense_variant&splice_region_variant,ENST00000246117.9:c.1207C>T,NCLN,ACH-001328
G,A,SNV,missense_variant,ENST00000318934.9:c.665G>A,ANKRD24,ACH-001328
G,A,SNV,stop_gained,ENST00000586582.6:c.2086C>T,SEMA6B,ACH-001328
C,G,SNV,missense_variant,ENST00000327325.10:c.136C>G,CLEC4M,ACH-001328
AG,A,deletion,frameshift_variant,ENST00000397910.8:c.9232del,MUC16,ACH-001328
C,T,SNV,missense_variant,ENST00000591998.6:c.4G>A,ZNF699,ACH-001328
G,T,SNV,missense_variant,ENST00000269881.8:c.508C>A,CALR3,ACH-001328
C,T,SNV,missense_variant,ENST00000252599.9:c.140C>T,COLGALT1,ACH-001328
TGA,CCC,substitution,missense_variant,ENST00000420124.4:c.6779_6781delinsCCC,KMT2B,ACH-001328
G,C,SNV,splice_acceptor_variant,ENST00000291842.10:c.1049-1G>C,SHKBP1,ACH-001328
C,G,SNV,missense_variant,ENST00000291842.10:c.1858C>G,SHKBP1,ACH-001328
G,C,SNV,missense_variant,ENST00000263370.3:c.350G>C,ITPKC,ACH-001328
G,A,SNV,missense_variant,ENST00000263370.3:c.475G>A,ITPKC,ACH-001328
G,A,SNV,missense_variant,ENST00000263370.3:c.874G>A,ITPKC,ACH-001328
G,A,SNV,missense_variant,ENST00000263370.3:c.895G>A,ITPKC,ACH-001328
G,T,SNV,stop_gained,ENST00000301178.9:c.1876G>T,AXL,ACH-001328
C,T,SNV,missense_variant,ENST00000302177.3:c.151C>T,FOXA3,ACH-001328
G,A,SNV,missense_variant,ENST00000418929.7:c.2905G>A,PRR12,ACH-001328
C,T,SNV,missense_variant,ENST00000354293.10:c.1546C>T,AP2A1,ACH-001328
G,C,SNV,missense_variant,ENST00000293441.6:c.431C>G,SHANK1,ACH-001328
G,T,SNV,missense_variant,ENST00000432233.8:c.585C>A,LILRA5,ACH-001328
C,A,SNV,missense_variant,ENST00000281419.8:c.170C>A,ASAP2,ACH-001328
C,T,SNV,missense_variant,ENST00000263663.10:c.178C>T,TAF1B,ACH-001328
C,G,SNV,missense_variant,ENST00000281513.10:c.4543G>C,NBAS,ACH-001328
A,G,SNV,missense_variant,ENST00000238788.14:c.1949A>G,TMEM214,ACH-001328
A,C,SNV,missense_variant,ENST00000389048.8:c.1744T>G,ALK,ACH-001328
C,G,SNV,missense_variant&splice_region_variant,ENST00000402219.8:c.2671G>C,SOS1,ACH-001328
C,T,SNV,missense_variant,ENST00000628224.3:c.2335G>A,DCTN1,ACH-001328
C,T,SNV,missense_variant,ENST00000410059.6:c.425C>T,DPP10,ACH-001328
C,A,SNV,missense_variant,ENST00000264170.9:c.1315C>A,KYNU,ACH-001328
G,A,SNV,missense_variant,ENST00000389759.8:c.632G>A,PKP4,ACH-001328
C,G,SNV,missense_variant,ENST00000283254.12:c.5698G>C,SCN3A,ACH-001328
C,T,SNV,stop_gained,ENST00000375437.7:c.4249C>T,SCN2A,ACH-001328
G,A,SNV,stop_gained,ENST00000355999.5:c.343C>T,STK39,ACH-001328
C,A,SNV,missense_variant,ENST00000649046.1:c.8806G>T,LRP2,ACH-001328
G,C,SNV,missense_variant,ENST00000453153.7:c.602C>G,FASTKD1,ACH-001328
T,G,SNV,missense_variant,ENST00000589042.5:c.48912A>C,TTN,ACH-001328
G,T,SNV,missense_variant,ENST00000589042.5:c.26741C>A,TTN,ACH-001328
G,C,SNV,missense_variant,ENST00000264065.12:c.822G>C,DNAJC10,ACH-001328
C,T,SNV,missense_variant,ENST00000428675.6:c.2674C>T,PLCL1,ACH-001328
CCTG,C,deletion,inframe_deletion,ENST00000673742.1:c.184_186del,CASP8,ACH-001328
G,C,SNV,missense_variant,ENST00000389758.4:c.1998G>C,MROH2A,ACH-001328
C,T,SNV,missense_variant,ENST00000381941.8:c.862C>T,FAM110A,ACH-001328
C,T,SNV,missense_variant,ENST00000356518.7:c.217G>A,ADAM33,ACH-001328
C,G,SNV,missense_variant,ENST00000460006.6:c.417C>G,CDS2,ACH-001328
GC,G,deletion,frameshift_variant,ENST00000216962.9:c.148del,PYGB,ACH-001328
G,C,SNV,missense_variant,ENST00000376112.4:c.88G>C,ID1,ACH-001328
C,T,SNV,stop_gained,ENST00000375687.10:c.2242C>T,ASXL1,ACH-001328
C,T,SNV,missense_variant,ENST00000375687.10:c.2762C>T,ASXL1,ACH-001328
G,A,SNV,splice_donor_variant,ENST00000373345.9:c.1880+1G>A,ARHGAP40,ACH-001328
G,A,SNV,missense_variant,ENST00000371173.8:c.776C>T,ZBP1,ACH-001328
G,C,SNV,missense_variant,ENST00000327783.9:c.1986C>G,GRIK1,ACH-001328
G,C,SNV,missense_variant,ENST00000327783.9:c.1940C>G,GRIK1,ACH-001328
C,T,SNV,missense_variant,ENST00000331573.8:c.272G>A,PSMG1,ACH-001328
G,A,SNV,missense_variant,ENST00000292778.11:c.13C>T,YDJC,ACH-001328
GG,AA,substitution,missense_variant,ENST00000390296.2:c.282_283delinsAA,IGLV5-45,ACH-001328
GA,CC,substitution,missense_variant,ENST00000390296.2:c.294_295delinsCC,IGLV5-45,ACH-001328
G,T,SNV,missense_variant,ENST00000216181.11:c.502C>A,MYH9,ACH-001328
GC,G,deletion,frameshift_variant,ENST00000263253.9:c.5852del,EP300,ACH-001328
C,A,SNV,stop_gained,ENST00000677622.1:c.5032G>T,TCF20,ACH-001328
G,A,SNV,missense_variant,ENST00000380903.7:c.349G>A,SELENOO,ACH-001328
TC,T,deletion,frameshift_variant,ENST00000256509.7:c.993del,CHL1,ACH-001328
C,T,SNV,missense_variant,ENST00000334133.9:c.1726G>A,RFTN1,ACH-001328
C,G,SNV,missense_variant,ENST00000295770.4:c.2259C>G,STT3B,ACH-001328
A,G,SNV,missense_variant,ENST00000423572.7:c.3025T>C,SCN5A,ACH-001328
GT,TA,substitution,missense_variant,ENST00000396077.8:c.2724_2725delinsTA,ZNF445,ACH-001328
G,C,SNV,missense_variant,ENST00000326047.9:c.116G>C,KIF15,ACH-001328
C,G,SNV,stop_gained,ENST00000445061.6:c.2315C>G,DHX30,ACH-001328
A,C,SNV,splice_donor_variant,ENST00000164024.5:c.6973+2T>G,CELSR3,ACH-001328
T,A,SNV,missense_variant,ENST00000393845.9:c.4883A>T,CFAP44,ACH-001328
C,G,SNV,missense_variant,ENST00000409697.8:c.2300G>C,CCDC14,ACH-001328
G,A,SNV,stop_gained,ENST00000409697.8:c.1609C>T,CCDC14,ACH-001328
C,T,SNV,missense_variant,ENST00000683648.1:c.1163C>T,EFCC1,ACH-001328
TTC,T,deletion,frameshift_variant,ENST00000260810.10:c.2251_2252del,TOPBP1,ACH-001328
G,A,SNV,stop_gained,ENST00000333911.9:c.925C>T,NME9,ACH-001328
G,C,SNV,missense_variant,ENST00000356517.4:c.170G>C,AADACL2,ACH-001328
G,C,SNV,missense_variant,ENST00000429709.7:c.898G>C,ACTL6A,ACH-001328
G,A,SNV,missense_variant,ENST00000242810.11:c.310G>A,KLHL24,ACH-001328
C,A,SNV,missense_variant,ENST00000354905.3:c.284G>T,TMEM207,ACH-001328
GT,AG,substitution,missense_variant,ENST00000463781.8:c.11824_11825delinsCT,MUC4,ACH-001328
G,T,SNV,missense_variant,ENST00000637812.2:c.4001G>T,FAM193A,ACH-001328
G,C,SNV,missense_variant,ENST00000341285.8:c.921C>G,FBXL5,ACH-001328
C,T,SNV,missense_variant,ENST00000265018.4:c.868G>A,FAM184B,ACH-001328
C,T,SNV,missense_variant,ENST00000310169.3:c.878C>T,CHRNA9,ACH-001328
G,A,SNV,missense_variant,ENST00000381295.7:c.1848G>A,EXOC1,ACH-001328
GG,TT,substitution,missense_variant,ENST00000273853.11:c.608_609delinsAA,CENPC,ACH-001328
C,G,SNV,missense_variant,ENST00000317968.9:c.425C>G,PDLIM5,ACH-001328
G,A,SNV,missense_variant,ENST00000320650.9:c.232G>A,IL15,ACH-001328
G,C,SNV,missense_variant,ENST00000651943.2:c.5425C>G,LRBA,ACH-001328
G,C,SNV,missense_variant,ENST00000357232.10:c.6848C>G,DCHS2,ACH-001328
G,C,SNV,missense_variant,ENST00000274093.8:c.1338C>G,GLRA3,ACH-001328
G,A,SNV,stop_gained,ENST00000441802.7:c.7480C>T,FAT1,ACH-001328
G,C,SNV,missense_variant,ENST00000265071.3:c.880G>C,CDH6,ACH-001328
C,T,SNV,missense_variant,ENST00000265036.10:c.1123G>A,DEPDC1B,ACH-001328
G,A,SNV,missense_variant,ENST00000380985.10:c.29G>A,NLN,ACH-001328
G,C,SNV,missense_variant,ENST00000358731.9:c.6592G>C,BDP1,ACH-001328
G,C,SNV,missense_variant,ENST00000446378.3:c.1195G>C,CMYA5,ACH-001328
G,A,SNV,missense_variant,ENST00000682413.1:c.1211C>T,KIAA0825,ACH-001328
G,A,SNV,missense_variant,ENST00000380007.3:c.1150G>A,GPR150,ACH-001328
G,T,SNV,splice_acceptor_variant,ENST00000539542.6:c.565-1G>T,DMXL1,ACH-001328
G,C,SNV,missense_variant,ENST00000308660.6:c.433C>G,MARCHF3,ACH-001328
T,TA,insertion,frameshift_variant,ENST00000503335.7:c.2696_2697insA,MEGF10,ACH-001328
TG,T,deletion,frameshift_variant,ENST00000231512.5:c.35del,C5orf15,ACH-001328
C,G,SNV,missense_variant,ENST00000504156.7:c.56G>C,HARS1,ACH-001328
C,G,SNV,missense_variant,ENST00000529310.6:c.434C>G,PCDHA6,ACH-001328
G,A,SNV,missense_variant,ENST00000532602.2:c.1576G>A,PCDHA9,ACH-001328
C,T,SNV,stop_gained,ENST00000398640.7:c.1075C>T,PCDHA11,ACH-001328
G,T,SNV,missense_variant,ENST00000571252.3:c.2419G>T,PCDHGA4,ACH-001328
G,C,SNV,missense_variant,ENST00000671881.1:c.606C>G,CAMK2A,ACH-001328
C,CCT,insertion,frameshift_variant,ENST00000265293.9:c.470_471dup,WWC1,ACH-001328
G,A,SNV,missense_variant,ENST00000265293.9:c.472G>A,WWC1,ACH-001328
C,T,SNV,missense_variant,ENST00000519560.6:c.3530G>A,SLIT3,ACH-001328
G,A,SNV,missense_variant,ENST00000332598.7:c.104G>A,TMED9,ACH-001328
C,A,SNV,stop_gained,ENST00000688015.1:c.205G>T,TRIM52,ACH-001328
A,C,SNV,missense_variant,ENST00000340650.6:c.341T>G,NHLRC1,ACH-001328
G,A,SNV,missense_variant,ENST00000274695.8:c.1081G>A,CDKAL1,ACH-001328
T,C,SNV,missense_variant,ENST00000643898.2:c.1804A>G,RIPOR2,ACH-001328
C,G,SNV,missense_variant,ENST00000244527.10:c.1381G>C,SLC17A1,ACH-001328
C,G,SNV,missense_variant,ENST00000374677.8:c.1284C>G,SLC39A7,ACH-001328
C,G,SNV,missense_variant&splice_region_variant,ENST00000229771.11:c.502G>C,TULP1,ACH-001328
C,G,SNV,splice_donor_variant,ENST00000361428.3:c.3495+1G>C,ZNF318,ACH-001328
C,A,SNV,stop_gained,ENST00000371383.7:c.352G>T,ENPP5,ACH-001328
G,C,SNV,missense_variant,ENST00000502396.6:c.2472G>C,MLIP,ACH-001328
C,G,SNV,missense_variant,ENST00000244728.10:c.896G>C,COL21A1,ACH-001328
G,A,SNV,missense_variant,ENST00000281156.5:c.71C>T,KHDRBS2,ACH-001328
C,T,SNV,missense_variant,ENST00000369947.5:c.577G>A,HTR1B,ACH-001328
C,G,SNV,missense_variant,ENST00000369689.6:c.225C>G,RIPPLY2,ACH-001328
C,T,SNV,missense_variant,ENST00000254759.8:c.444G>A,COQ3,ACH-001328
C,A,SNV,missense_variant,ENST00000230122.4:c.1107G>T,ZBTB24,ACH-001328
C,T,SNV,missense_variant,ENST00000368885.8:c.107C>T,AMD1,ACH-001328
G,C,SNV,stop_gained,ENST00000368507.8:c.1220C>G,ROS1,ACH-001328
C,G,SNV,missense_variant,ENST00000337057.8:c.1129G>C,EPB41L2,ACH-001328
A,T,SNV,missense_variant,ENST00000367976.4:c.149T>A,CCN2,ACH-001328
C,G,SNV,missense_variant,ENST00000325144.5:c.1039G>C,ZBTB2,ACH-001328
G,T,SNV,missense_variant,ENST00000330432.12:c.652G>T,OPRM1,ACH-001328
G,A,SNV,missense_variant,ENST00000222725.10:c.391G>A,LFNG,ACH-001328
G,C,SNV,missense_variant,ENST00000418710.3:c.431C>G,SP8,ACH-001328
ACT,A,deletion,frameshift_variant&splice_region_variant,ENST00000409508.8:c.7138_7139del,DNAH11,ACH-001328
C,G,SNV,missense_variant,ENST00000297273.9:c.2275C>G,CASD1,ACH-001328
G,C,SNV,splice_acceptor_variant,ENST00000456197.2:c.9848-1G>C,TRRAP,ACH-001328
T,G,SNV,missense_variant,ENST00000358173.8:c.2539A>C,EPHB4,ACH-001328
TG,CC,substitution,missense_variant,ENST00000379458.9:c.128_129delinsCC,MUC3A,ACH-001328
TT,AA,substitution,missense_variant,ENST00000379458.9:c.173_174inv,MUC3A,ACH-001328
G,A,SNV,missense_variant,ENST00000306151.9:c.2494G>A,MUC17,ACH-001328
G,A,SNV,missense_variant,ENST00000292644.5:c.544G>A,PSMC2,ACH-001328
C,A,SNV,missense_variant,ENST00000397560.7:c.1023G>T,KDM7A,ACH-001328
C,T,SNV,missense_variant,ENST00000634605.1:c.137C>T,TRBV7-2,ACH-001328
C,A,SNV,splice_acceptor_variant,ENST00000328902.9:c.1-1G>T,GIMAP6,ACH-001328
G,C,SNV,missense_variant,ENST00000420175.3:c.1003C>G,ASB10,ACH-001328
G,C,SNV,missense_variant,ENST00000256398.13:c.9G>C,ELP3,ACH-001328
G,A,SNV,missense_variant,ENST00000355904.9:c.107C>T,GTF2E2,ACH-001328
G,A,SNV,missense_variant,ENST00000331569.6:c.94G>A,ZNF703,ACH-001328
C,T,SNV,missense_variant,ENST00000220809.9:c.1349G>A,PLAT,ACH-001328
C,T,SNV,missense_variant,ENST00000289957.3:c.821C>T,CHRNB3,ACH-001328
C,G,SNV,missense_variant,ENST00000423902.7:c.2351C>G,CHD7,ACH-001328
G,A,SNV,missense_variant,ENST00000396423.4:c.946G>A,HNF4G,ACH-001328
G,A,SNV,stop_gained,ENST00000027335.8:c.10C>T,CDH17,ACH-001328
C,A,SNV,missense_variant,ENST00000336148.10:c.635G>T,RAD54B,ACH-001328
C,G,SNV,missense_variant,ENST00000336148.10:c.526G>C,RAD54B,ACH-001328
G,A,SNV,missense_variant,ENST00000220616.9:c.6934G>A,TG,ACH-001328
CAGAA,C,deletion,frameshift_variant&splice_region_variant,ENST00000696786.1:c.2355_2358del,PTK2,ACH-001328
AT,A,deletion,frameshift_variant,ENST00000696786.1:c.97del,PTK2,ACH-001328
G,C,SNV,missense_variant,ENST00000382100.8:c.1744G>C,VLDLR,ACH-001328
G,T,SNV,stop_gained,ENST00000380647.8:c.3175G>T,CNTLN,ACH-001328
G,T,SNV,missense_variant,ENST00000698399.1:c.1228C>A,LINGO2,ACH-001328
C,A,SNV,stop_gained,ENST00000684830.1:c.1100C>A,ANKRD18B,ACH-001328
C,G,SNV,missense_variant,ENST00000651358.1:c.48G>C,FAM219A,ACH-001328
T,C,SNV,missense_variant,ENST00000635942.2:c.4429T>C,UNC13B,ACH-001328
C,T,SNV,missense_variant,ENST00000314888.10:c.508G>A,TLN1,ACH-001328
G,T,SNV,missense_variant,ENST00000542196.2:c.559C>A,OR13C2,ACH-001328
G,A,SNV,missense_variant,ENST00000325551.9:c.269C>T,CTNNAL1,ACH-001328
G,A,SNV,missense_variant,ENST00000640217.2:c.1634C>T,KIF12,ACH-001328
C,G,SNV,missense_variant,ENST00000373078.5:c.40G>C,NAIF1,ACH-001328
C,T,SNV,missense_variant,ENST00000371421.9:c.929C>T,ARRDC1,ACH-001328
G,A,SNV,missense_variant,ENST00000362079.2:c.760G>A,MT-CO3,ACH-001328
A,G,SNV,missense_variant,ENST00000361567.2:c.1444A>G,MT-ND5,ACH-001328
C,G,SNV,missense_variant,ENST00000380659.4:c.1186C>G,TLR7,ACH-001328
G,A,SNV,missense_variant,ENST00000397548.4:c.931G>A,MAGEB1,ACH-001328
C,A,SNV,stop_gained,ENST00000324817.6:c.3622G>T,MED14,ACH-001328
C,T,SNV,missense_variant,ENST00000378308.7:c.205C>T,USP9X,ACH-001328
C,T,SNV,missense_variant,ENST00000616978.5:c.1745G>A,SLC9A7,ACH-001328
G,C,SNV,missense_variant,ENST00000614628.5:c.874G>C,JADE3,ACH-001328
C,A,SNV,stop_gained,ENST00000347757.6:c.100G>T,SSX5,ACH-001328
G,C,SNV,missense_variant,ENST00000356413.5:c.464G>C,IGBP1,ACH-001328
G,A,SNV,stop_gained,ENST00000314425.9:c.3115C>T,ZMYM3,ACH-001328
C,G,SNV,stop_gained,ENST00000423759.6:c.974C>G,TAF1,ACH-001328
G,C,SNV,missense_variant,ENST00000633930.2:c.2248G>C,NHSL2,ACH-001328
C,A,SNV,missense_variant,ENST00000262753.9:c.794G>T,POF1B,ACH-001328
GGA,TTT,substitution,missense_variant,ENST00000324765.13:c.736_738delinsTTT,DIAPH2,ACH-001328
G,C,SNV,missense_variant&splice_region_variant,ENST00000308731.8:c.591C>G,BTK,ACH-001328
A,G,SNV,missense_variant,ENST00000394780.8:c.211A>G,ALG13,ACH-001328
C,T,SNV,stop_gained&splice_region_variant,ENST00000371145.8:c.1018C>T,STAG2,ACH-001328
T,C,SNV,missense_variant,ENST00000371126.3:c.1286A>G,DCAF12L1,ACH-001328
G,A,SNV,missense_variant,ENST00000645433.2:c.655G>A,PABIR3,ACH-001328
G,A,SNV,missense_variant,ENST00000394143.6:c.4447G>A,ADGRG4,ACH-001328
G,C,SNV,missense_variant,ENST00000218364.5:c.2110G>C,HTATSF1,ACH-001328
G,C,SNV,missense_variant,ENST00000285879.5:c.3232G>C,MAGEC1,ACH-001328
