patent_id,normalizer_gene,normalization_basis,used_actb,cache_file,quote_found,char_offset,example_heading,keyword_hits,context_snippet
US20230002771A1,total RNA,total_RNA_ribogreen,no,html_cache/US20230002771A1.html.gz,fuzzy-first14,882846,Example 11,RIBOGREEN:23; total_RNA_norm:23," (MON), neutrophils (NEU), lymphocytes (LYM), and platelets (PLT). The results are presented in the tables below. Ionis oligonucleotides that caused changes in the blood cell count outside the expected range for modified oligonucleotides were excluded in further studies. TABLE 136 Blood Cell Count in Sprague-Dawley Rats Compound WBC RBC HGB HCT MCV MCH MCH NEU LYM MON PLT No. (/nL) (/pL) (g/dL) (%) (fL) (pg) C (%) (%) (%) (%) (/nL) Sali"
US20220112503A1,total RNA,total_RNA_ribogreen,no,html_cache/US20220112503A1.html.gz,fuzzy-first14,120185,Example 7,RIBOGREEN:18; total_RNA_norm:18,"g their stereorandom and optically pure forms, unless specified otherwise. tautomeric forms of the compounds herein are also included unless otherwise indicated. the compounds described herein include variations in which one or more atoms are replaced with a non-radioactive isotope or radioactive isotope of the indicated element. compounds herein that comprise hydrogen atoms encompass all possible deuterium substitutions for each of the"
US20180312845A1,total RNA,total_RNA_ribogreen,no,html_cache/US20180312845A1.html.gz,fuzzy-first14,187995,Example 7,RIBOGREEN:33; total_RNA_norm:29; cyclophilin:4,"NAc ligands. In certain embodiments, the cell-targeting moiety comprises 1 GalNAc ligand. each ligand of a cell-targeting moiety is a carbohydrate, carbohydrate derivative, modified carbohydrate, polysaccharide, modified polysaccharide, or polysaccharide derivative. the conjugate group comprises a carbohydrate cluster (see, e.g., Maier et al., “Synthesis of Antisense Oligonucleotides Conjugated to a Multivalent Carbohydrate Cluster for "
US20210038631A1,total RNA,total_RNA_ribogreen,no,html_cache/US20210038631A1.html.gz,fuzzy-first14,725773,Example 11,RIBOGREEN:47; total_RNA_norm:47; ACTB_bactin:2,14553 N/A N/A 18573 18588 TGTGATAGCTGAGCTG kk-d9-kdkdk 53 3344 1014554 N/A N/A 18574 18589 ATGTGATAGCTGAGCT kk-d9-kdkdk 73 3345 1014555 N/A N/A 18575 18590 GATGTGATAGCTGAGC kk-d9-kdkdk 66 3346 1014556 N/A N/A 18576 18591 TGATGTGATAGCTGAG kk-d9-kdkdk 86 3347 1014557 N/A N/A 18577 18592 TTGATGTGATAGCTGA kk-d9-kdkdk 64 3348 1014571 N/A N/A 18611 18626 AGTGACTTGCATCCAT kk-d9-kdkdk 78 3349 1014572 N/A N/A 18612 18627 CAGTGACTTGCATCCA kk-d9-k
US20150315594A1,total RNA,total_RNA_ribogreen,no,html_cache/US20150315594A1.html.gz,normalized,1023290,Example 116,RIBOGREEN:55; total_RNA_norm:13; cyclophilin:7,127 N/A N/A ATAAATTCTGACAAGTGATA 38 11473 11492 2629 568128 N/A N/A CTGGCAGTTTTAAAAAATCA 28 11502 11521 2630 568129 N/A N/A TTCTTACTGGCAGTTTTAAA 56 11508 11527 2631 568130 N/A N/A ATTTCTTACTGGCAGTTTTA 47 11510 11529 2632 568131 N/A N/A AAATTTCTTACTGGCAGTTT 53 11512 11531 2633 568132 N/A N/A TTTAAAATTTCTTACTGGCA 46 11516 11535 2634 568133 N/A N/A TTAATTTAAAATTTCTTACT 9 11520 11539 2635 568134 N/A N/A CAAATGGGTTTAATTTAAAA 1 11529 11548 26
US20230235331A1,total RNA,total_RNA_ribogreen,no,html_cache/US20230235331A1.html.gz,normalized,439512,Example 4,RIBOGREEN:12; total_RNA_norm:12,02872 TATTACTTCATCATTTGGGC 19 1951 1481242 2992 3011 202228 202247 TAGTTCATCCAAGATAACCA 63 1952 1481256 N/A N/A 36291 36310 AGGTTATTCTTATTCCCCAA 2 1953 1481318 2751 2770 161599 161618 GGTCCGGTAATTATCATTAC 46 1954 1481347 N/A N/A 133105 133124 TCCAAAGATTTCTACAGTGC 17 1955 1481359 N/A N/A 72684 72703 AATCTGTTTCTATCACAGTC 63 1956 1481365 4323 4342 224691 224710 TTTCATGACCTTATTCCTTC 20 1957 1481367 N/A N/A 3171 3190 AAACCTGCATAACCTTTGCC 58 
US20240191233A1,total RNA,total_RNA_ribogreen,no,html_cache/US20240191233A1.html.gz,normalized,111585,Example 7,RIBOGREEN:16; total_RNA_norm:16; GAPDH:4,"he tables below are 3-10-3 cEt modified oligonucleotides with uniform phosphorothioate internucleoside linkages. the modified oligonucleotides are 16 nucleosides in length, wherein the central gap segment consists of ten 2′-O-D-deoxynucleosides, and wherein the 5′ and 3′ wing segments each consist of three cEt modified nucleosides. the sugar motif for the modified oligonucleotides is (from 5′ to 3′): kkkdddddddddkkk; wherein each “d” re"
US20220273691A1,total RNA,total_RNA_ribogreen,no,html_cache/US20220273691A1.html.gz,normalized,245981,,RIBOGREEN:7; total_RNA_norm:9; GAPDH:4," no more than 2 linker-nucleosides. In certain embodiments, conjugate linkers comprise no more than 1 linker-nucleoside. a conjugate group it is desirable for a conjugate group to be cleaved from the oligonucleotide. For example, in certain circumstances compounds comprising a particular conjugate moiety are better taken up by a particular cell type, but once the compound has been taken up, it is desirable that the conjugate group be cl"
US20210123059A1,total RNA (RiboGreen); GAPDH for a subset,total_RNA_ribogreen,no,html_cache/US20210123059A1.html.gz,fuzzy-first14,231477,Example 7,RIBOGREEN:18; total_RNA_norm:18; GAPDH:4,"or AHA 6-aminohexanoic acid conjugate linkers include but are not limited to substituted or unsubstituted C 1 -C 10 alkyl, substituted or unsubstituted C 2 -C 10 alkenyl or substituted or unsubstituted C 2 -C 10 alkynyl, wherein a nonlimiting list of preferred substituent groups includes hydroxyl, amino, alkoxy, carboxy, benzyl, phenyl, nitro, thiol, thioalkoxy, halogen, alkyl, aryl, alkenyl and alkynyl. conjugate linkers comprise 1-10 "
US20230114930A1,total RNA (RiboGreen),total_RNA_ribogreen,no,html_cache/US20230114930A1.html.gz,fuzzy-first14,124861,Example 7,RIBOGREEN:22; total_RNA_norm:22; cyclophilin:6,"uences provided herein are intended to encompass nucleic acids containing any combination of natural or modified RNA and/or DNA, including, but not limited to such nucleic acids having modified nucleobases. an oligomeric compound having the nucleobase sequence “ATCGATCG” encompasses any oligomeric compounds having such nucleobase sequence, whether modified or unmodified, including, but not limited to, such compounds comprising RNA bases"
US20220290146A1,total RNA (RiboGreen),total_RNA_ribogreen,no,html_cache/US20220290146A1.html.gz,fuzzy-first14,113815,Example 7,RIBOGREEN:6; total_RNA_norm:6; cyclophilin:4," in place of 12 C, 15 N in place of 14 N, 17 O or 18 O in place of 16 O and 33 S, 34 S, 35 S, or 36 S in place of 32 S. non-radioactive isotopic substitutions may impart new properties on the oligomeric compound that are beneficial for use as a therapeutic or research tool. radioactive isotopic substitutions may make the compound suitable for research or diagnostic purposes such as imaging. certain compounds disclosed herein act as acid"
US20240376469A1,total RNA (RiboGreen),total_RNA_ribogreen,no,html_cache/US20240376469A1.html.gz,fuzzy-first14,155326,Example 7,RIBOGREEN:12; total_RNA_norm:12; cyclophilin:10,"or an oligomeric compound may be partially or fully de-protonated and in association with sodium ions. the mass of the protons is nevertheless counted toward the weight of the dose, and the mass of the sodium ions is not counted toward the weight of the dose. a dose, or dosage unit, of 10 mg of Compound No. 1127954 equals the number of fully protonated molecules that weighs 10 mg. This would be equivalent to 10.47 mg of solvent-free, so"
US20200179435A1,total RNA,total_RNA_ribogreen,no,html_cache/US20200179435A1.html.gz,NOT_FOUND,-1,,RIBOGREEN:16; total_RNA_norm:14; GAPDH:16,
US20230167446A1,total RNA,total_RNA_ribogreen,no,html_cache/US20230167446A1.html.gz,fuzzy-first14,141217,Example 7,RIBOGREEN:8; total_RNA_norm:14; GAPDH:12,"eoside linkage Compound No. 1454987 is represented by the following chemical structure: the sodium salt of Compound No. 1454987 is represented by the following chemical structure: Compound No. 1454987 is in anionic form. Compound No. 1545962 is characterized as a 2-9-5 MOE/cEt mixed wing gapmer conjugated at the 5′-end to a conjugate group. Compound 1545962 has a sequence (from 5′ to 3′) of CTATTGGAGAAGTGTA (SEQ ID NO: 3041), wherein nu"
US20200056179A1,GUSB,housekeeping_gene,no,html_cache/US20200056179A1.html.gz,NOT_FOUND,-1,,RIBOGREEN:14; total_RNA_norm:14,
US20190241896A1,total RNA,total_RNA_ribogreen,no,html_cache/US20190241896A1.html.gz,NOT_FOUND,-1,,RIBOGREEN:10; total_RNA_norm:2,
US20200392494A1,total RNA,total_RNA_ribogreen,no,html_cache/US20200392494A1.html.gz,fuzzy-first14,299719,Example 18,RIBOGREEN:20; total_RNA_norm:20; cyclophilin:6,"embodiments, modified oligonucleotides are gapmers. In certain embodiments, the gapmers are MOE gapmers or mixed cEt and MOE gapmers. In certain embodiments, the nucleosides of the modified oligonucleotides are linked by phosphorothioate internucleoside linkages and phosphodiester internucleoside linkages. The nucleobase sequences of SEQ ID Nos: 1168, 1882, 1883, 1884, 1885, 1886, 1887, 1888, 1889, 1890, 1891, 1892 and 1893 are compleme"
US20230055405A1,total RNA,total_RNA_ribogreen,no,html_cache/US20230055405A1.html.gz,fuzzy-first14,130004,Example 7,RIBOGREEN:10; total_RNA_norm:10; cyclophilin:18,"ates the 5′-most nucleoside of the target sequence to which the modified oligonucleotide is complementary. “Stop site” in all the tables below indicates the 3′-most nucleoside of the target sequence to which the modified oligonucleotide is complementary. the modified oligonucleotides are complementary to SEQ ID NO: 1 (described herein above), SEQ ID NO: 2 (described herein above), or SEQ ID NO: 8 (GENBANK Accession No. NM_201414.2). N/A"
US20220177893A1,total RNA,total_RNA_ribogreen,no,html_cache/US20220177893A1.html.gz,fuzzy-first14,105561,Example 7,RIBOGREEN:4; total_RNA_norm:4,"ic acid sequences provided herein are intended to encompass nucleic acids containing any combination of natural or modified RNA and/or DNA, including, but not limited to such nucleic acids having modified nucleobases. an oligomeric compound having the nucleobase sequence “ATCGATCG” encompasses any oligomeric compounds having such nucleobase sequence, whether modified or unmodified, including, but not limited to, such compounds comprisin"
US20220064637A1,total RNA,total_RNA_ribogreen,no,html_cache/US20220064637A1.html.gz,fuzzy-first14,285132,Example 2,RIBOGREEN:7; total_RNA_norm:6; GAPDH:4; cyclophilin:6,"des are gapmers. In certain embodiments, the gapmers are MOE gapmers. In certain embodiments, the internucleoside linkages of the modified oligonucleotides are phosphorothioate internucleoside linkages and phosphodiester internucleoside linkages. The nucleobase sequences of SEQ ID Nos: 1060, 1061, 1062, 1063, 1064, and 1065 are complementary to nucleobases 138-175 of SEQ ID NO: 1. In certain embodiments, modified oligonucleotides comple"
US20190160090A1,total RNA,total_RNA_ribogreen,no,html_cache/US20190160090A1.html.gz,verbatim,294884,Example 5,RIBOGREEN:61; total_RNA_norm:45; cyclophilin:5,"erse sequence AGCAGGGAGAAGCCCTTCA, designated herein as SEQ ID NO: 9; and probe sequence CCCTGGCTTTCAACACCTACGTCCACTX, where X is a fluorescent label, designated herein as SEQ ID NO: 10) was used to measure mRNA levels. AGT mRNA levels were adjusted according to total RNA content, as measured by RIBOGREEN®. Results are presented as percent inhibition of AGT, relative to untreated control cells. Table 2 shows the percent inhibition of AG"
US20210277397A1,total RNA,total_RNA_ribogreen,no,html_cache/US20210277397A1.html.gz,verbatim,194679,Example 7,RIBOGREEN:10; total_RNA_norm:10; GAPDH:6,"signated herein as SEQ ID NO: 2; reverse sequence TACACAGGGATTTGAGCCTGCTA, designated herein as SEQ ID NO: 3; probe sequence CCCACAGATCAAGCATTCCCCAAAGA, designated herein as SEQ ID NO: 4) was used to measure RNA levels. UBE3A-ATS RNA levels were normalized to total RNA content, as measured by RIBOGREEN®. Reduction of UBE3A-ATS RNA is presented in the tables below as percent UBE3A-ATS RNA amount relative to untreated control (UTC) cells."
US20190076465A1,total RNA,total_RNA_ribogreen,no,html_cache/US20190076465A1.html.gz,verbatim,227829,Example 1,RIBOGREEN:10; total_RNA_norm:10; GAPDH:2; housekeeping:4,"in as SEQ ID NO: 11; reverse sequence CAGATAATTCGTTCCCCCTGTT, designated herein as SEQ ID NO: 12; probe sequence CAGATGCTGTGCCTTCCTCCGCTG, designated herein as SEQ ID NO: 13) was used to measure human SMAD7 mRNA levels. SMAD7 mRNA levels were adjusted according to total RNA content, as measured by RIBOGREEN®. Results are presented as percent inhibition of SMAD7 mRNA expression, relative to untreated control cells. the newly designed chi"
US20200277604A1,total RNA,total_RNA_ribogreen,no,html_cache/US20200277604A1.html.gz,verbatim,223771,Example 1,RIBOGREEN:11; total_RNA_norm:11; ACTB_bactin:4,"ed herein as SEQ ID NO.: 2814; reverse sequence TGAAGGGTCTGTGCTAGATCAAAA, designated herein as SEQ ID NO.: 2815; probe sequence TGCCACATCGCCACCCCGT, designated herein as SEQ ID NO.: 2816) was used to measure RNA levels. MALAT1 RNA levels were normalized to total RNA content, as measured by RIBOGREEN®. Results are presented in the tables below as percent control of the amount of MALAT1 RNA relative to untreated control cells (% UTC). Mod"
US20160145617A1,total RNA,total_RNA_ribogreen,no,html_cache/US20160145617A1.html.gz,verbatim,125783,Example 18,RIBOGREEN:33; total_RNA_norm:27; cyclophilin:4,"signated herein as SEQ ID NO: 10; reverse sequence AGCTTGTGGGTTTCAATCTTTTTATT, designated herein as SEQ ID NO: 11; probe sequence CACCCACGTCCCTGGCGGA, designated herein as SEQ ID NO: 12) was used to measure mRNA levels. Tau mRNA levels were adjusted according to total RNA content, as measured by RIBOGREEN®. Results are presented as percent inhibition of tau, relative to untreated control cells. the newly designed chimeric antisense olig"
US20210038629A1,total RNA,total_RNA_ribogreen,no,html_cache/US20210038629A1.html.gz,fuzzy-first14,165634,Example 7,RIBOGREEN:6; total_RNA_norm:6; GAPDH:4; cyclophilin:2,"% reduction of GFAP RNA in vivo in the standard in vivo assay. nucleobases 12006-12038 of SEQ ID NO: 2 comprise a hotspot region. modified oligonucleotides are complementary to a portion of nucleobases 12006-12038 of SEQ ID NO: 2. modified oligonucleotides are 20 nucleobases in length. modified oligonucleotides are 18 nucleobases in length. modified oligonucleotides are gapmers. In certain embodiments, the gapmers are MOE gapmers. the i"
US20220025366A1,total RNA,total_RNA_ribogreen,no,html_cache/US20220025366A1.html.gz,fuzzy-first14,166998,Example 7,RIBOGREEN:6; cyclophilin:8,"igonucleotides are 19 nucleobases in length. In certain embodiments, modified oligonucleotides are 20 nucleobases in length. In certain embodiments, modified oligonucleotides are gapmers. In certain embodiments, modified oligonucleotides are 5-10-5, 6-10-4, 4-10-6, 3-10-7, 7-10-3, 5-9-5, 5-8-5, 4-8-4, or 5-8-4 gapmers. the gapmers are MOE gapmers. In certain embodiments, the gapmers are mixed wing gapmers. In certain embodiments, the mi"
US20190359981A1,total RNA,total_RNA_ribogreen,no,html_cache/US20190359981A1.html.gz,fuzzy-first14,156767,Example 7,RIBOGREEN:20; total_RNA_norm:11,"on consists of one or more compound and sterile PBS. the sterile PBS is pharmaceutical grade PBS. a compound described herein targeted to APOL1 nucleic acid can be utilized in pharmaceutical compositions by combining the compound with a suitable pharmaceutically acceptable diluent or carrier. a pharmaceutically acceptable diluent is water, such as sterile water suitable for injection. employed in the methods described herein is a pharma"
US20250188476A1,total RNA,total_RNA_ribogreen,no,html_cache/US20250188476A1.html.gz,NOT_FOUND,-1,,RIBOGREEN:6; total_RNA_norm:6,
US20230357770A1,total RNA,total_RNA_ribogreen,no,html_cache/US20230357770A1.html.gz,fuzzy-first14,179614,Example 7,RIBOGREEN:18; total_RNA_norm:18; cyclophilin:12,SEQ ID NO: 2 comprise a hotspot region. oligomeric compounds or oligomeric duplexes comprise modified oligonucleotides that are complementary within nucleobases 1255-1295 of SEQ ID NO: 2. modified oligonucleotides are 23 nucleobases in length. modified oligonucleotides are antisense RNAi oligonucleotides. the antisense RNAi oligonucleotide has a sugar motif (from 5′ to 3′) of: mfmfmfmfmfmfmfmfmfmfmmm; wherein “m” represents a 2′-O methy
US20140336237A1,total RNA,total_RNA_ribogreen,no,html_cache/US20140336237A1.html.gz,NOT_FOUND,-1,,RIBOGREEN:57; total_RNA_norm:51; GAPDH:4; cyclophilin:19; ACTB_bactin:18; housekeeping:24,
US20180273577A1,total RNA,total_RNA_ribogreen,yes,html_cache/US20180273577A1.html.gz,NOT_FOUND,-1,,RIBOGREEN:27; total_RNA_norm:22; GAPDH:2; cyclophilin:4; ACTB_bactin:7,
US20240026353A1,total RNA / GAPDH (mixed),total_RNA_ribogreen,no,html_cache/US20240026353A1.html.gz,NOT_FOUND,-1,,RIBOGREEN:4; total_RNA_norm:8; GAPDH:14,
US20240191232A1,total RNA,total_RNA_ribogreen,no,html_cache/US20240191232A1.html.gz,NOT_FOUND,-1,,RIBOGREEN:32; total_RNA_norm:26; GAPDH:9,
US20210180057A1,total RNA,total_RNA_ribogreen,no,html_cache/US20210180057A1.html.gz,NOT_FOUND,-1,,RIBOGREEN:2; total_RNA_norm:2; cyclophilin:3,
US20210139906A1,total RNA (RIBOGREEN),total_RNA_ribogreen,no,html_cache/US20210139906A1.html.gz,NOT_FOUND,-1,,RIBOGREEN:6; total_RNA_norm:6; cyclophilin:23,
US20200140869A1,total RNA (RIBOGREEN),total_RNA_ribogreen,no,html_cache/US20200140869A1.html.gz,fuzzy-first14,204898,,RIBOGREEN:15; total_RNA_norm:9,"rtain embodiments, the cleavable moiety is a phosphate linkage between an oligonucleotide and a conjugate moiety or conjugate group. a cleavable moiety comprises or consists of one or more linker-nucleosides. one or more linker-nucleosides are linked to one another and/or to the remainder of the compound through cleavable bonds. such cleavable bonds are unmodified phosphodiester bonds. a cleavable moiety is 2′-deoxy nucleoside that is a"
US20170073689A1,total RNA (RIBOGREEN),total_RNA_ribogreen,no,html_cache/US20170073689A1.html.gz,fuzzy-first14,176853,Example 7,RIBOGREEN:27; total_RNA_norm:26,"l arts and are linked directly or via an optional conjugate linking moiety or conjugate linking group to a parent compound such as an oligonucleotide. Conjugate groups includes without limitation, intercalators, reporter molecules, polyamines, polyamides, polyethylene glycols, thioethers, polyethers, cholesterols, thiocholesterols, cholic acid moieties, folate, lipids, phospholipids, biotin, phenazine, phenanthridine, anthraquinone, ada"
US20220056445A1,total RNA (RIBOGREEN),total_RNA_ribogreen,no,html_cache/US20220056445A1.html.gz,NOT_FOUND,-1,,RIBOGREEN:6; total_RNA_norm:6; GAPDH:11,
US20250177433A1,total RNA (RIBOGREEN),total_RNA_ribogreen,no,html_cache/US20250177433A1.html.gz,fuzzy-first14,114620,,RIBOGREEN:12; total_RNA_norm:20; GAPDH:28,"RNA and/or DNA, unless otherwise stated, including, but not limited to such nucleic acids having modified nucleobases. an oligomeric compound having the nucleobase sequence “ATCGATCG” encompasses any oligomeric compounds having such nucleobase sequence, whether modified or unmodified, including, but not limited to, such compounds comprising RNA bases, such as those having sequence “AUCGAUCG” and those having some DNA bases and some RNA "
US20210155935A1,none (total RNA),total_RNA_ribogreen,no,html_cache/US20210155935A1.html.gz,fuzzy-first14,197143,Example 7,RIBOGREEN:29; total_RNA_norm:29,ernucleoside linkage and each cytosine residue is a 5-methyl cytosine. Start Site indicates the 5′-most nucleoside to which the gapmer is complementary in the human nucleic acid sequence. Sptop Site indicates the 3′-most nucleoside to which the gapmer is complementary in the human nucleic acid sequence. modified oligonucleotide listed in the table below is complementary to human EZH2 nucleic acid sequences SEQ ID NO: 1 or SEQ ID NO: 2 a
US20170002359A1,none (total RNA),total_RNA_ribogreen,no,html_cache/US20170002359A1.html.gz,NOT_FOUND,-1,,RIBOGREEN:32; total_RNA_norm:26; cyclophilin:6; housekeeping:2,
US20160222389A1,none (total RNA),total_RNA_ribogreen,no,html_cache/US20160222389A1.html.gz,NOT_FOUND,-1,,RIBOGREEN:34; total_RNA_norm:22; cyclophilin:4; housekeeping:2,
US20200208147A1,none (total RNA),total_RNA_ribogreen,no,html_cache/US20200208147A1.html.gz,NOT_FOUND,-1,,RIBOGREEN:12; total_RNA_norm:12; GAPDH:8; ACTB_bactin:5,
US20150031747A1,none (total RNA),total_RNA_ribogreen,no,html_cache/US20150031747A1.html.gz,NOT_FOUND,-1,,RIBOGREEN:50; total_RNA_norm:40; GAPDH:2; cyclophilin:4,
US20160251655A1,total RNA (RIBOGREEN),total_RNA_ribogreen,no,html_cache/US20160251655A1.html.gz,fuzzy-first14,157797,Example 5,RIBOGREEN:31; total_RNA_norm:25; cyclophilin:4,"ation No. 61/714,132, filed Oct. 15, 2012, was used as a benchmark oligonucleotide. ISIS 576816 is a 5-10-5 MOE gapmer with phosphorothioate linkages throughout. Cultured HepG2 cells at a density of 20,000 cells per well were transfected using electroporation with 4,000 nM antisense oligonucleotide. Human primer probe set RTS3905 forward primer sequence GGGTCTAGCAAGAGCAGGTG, designated herein as SEQ ID NO: 13; reverse primer sequence GT"
US20170037410A1,total RNA (RIBOGREEN),total_RNA_ribogreen,no,html_cache/US20170037410A1.html.gz,fuzzy-first14,152835,Example 16,RIBOGREEN:28; total_RNA_norm:22; cyclophilin:4,"on in lumbar spinal cord and 47% inhibition in cervical spinal cord. ISIS 666870 achieved 76% inhibition in lumbar spinal cord and 68% in cervical spinal cord of an SOD-1 transgenic rat model when dosed with 30 ⁇ L of 16.67 mg/ml solution of oligonucleotide diluted in PBS (500 ⁇ g final dose), whereas ISIS 333611 achieved 51% inhibition in lumbar spinal cord and 47% inhibition in cervical spinal cord. ISIS 666870 achieved an ED 50 of 13"
US20180311365A1,total RNA (RIBOGREEN),total_RNA_ribogreen,no,html_cache/US20180311365A1.html.gz,fuzzy-first14,163541,Example 4,RIBOGREEN:12; total_RNA_norm:10,"ix weeks with varying doses of antisense oligonucleotide and tolerability markers, such as liver and kidney function markers (plasma levels of ALT, AST, albumin, BUN, creatinine, and bilirubin), hematology markers (blood cell counts for RBC, WBC, platelets, neutrophils, lymphocytes, and monocytes, as well as hemoglobin, hematocrit, and MCV content), and body and organ weights were measured (Example 5). Only those oligonucleotides were s"
US20240336915A1,total RNA (RIBOGREEN),total_RNA_ribogreen,no,html_cache/US20240336915A1.html.gz,fuzzy-first14,210409,Example 7,RIBOGREEN:13; total_RNA_norm:13; GAPDH:4,nucleobases 326-355 of SEQ ID NO: 2 achieve at least 63% reduction of DUX4 RNA in the standard in vitro RNAi assay. modified oligonucleotides within nucleobases 3099-3128 of SEQ ID NO: 1 and/or nucleobases 326-355 of SEQ ID NO: 2 achieve an average of 77% reduction of DUX4 RNA in the standard in vitro RNAi assay. nucleobases 3171-3209 of SEQ ID NO: 1 and/or nucleobases 398-436 of SEQ ID NO: 2 comprise a hotspot region. modified oligonuc
US20230124616A1,total RNA (RIBOGREEN),total_RNA_ribogreen,no,html_cache/US20230124616A1.html.gz,fuzzy-first14,89436,Example 7,RIBOGREEN:8; total_RNA_norm:8,"roup at the 5-position. Certain compounds described herein e.g., modified oligonucleotides have one or more asymmetric center and thus give rise to enantiomers, diastereomers, and other stereoisomeric configurations that may be defined, in terms of absolute stereochemistry, as (R) or (S), as ⁇ or ⁇ such as for sugar anomers, or as (D) or (L), such as for amino acids, etc. Compounds provided herein that are drawn or described as having c"
US20160304877A1,total RNA,total_RNA_ribogreen,no,html_cache/US20160304877A1.html.gz,verbatim,221433,Example 28,RIBOGREEN:31; total_RNA_norm:20; cyclophilin:5,"well were transfected using electroporation with 10,000 nM antisense oligonucleotide. After approximately 24 hours, RNA was isolated from the cells and DMPK transcript levels were measured by quantitative real-time PCR. DMPK RNA transcript levels were adjusted according to total RNA content, as measured by RIBOGREEN®. Results are presented as percent expression of DMPK, relative to untreated control cells. the antisense oligonucleotides"
US20100144834A1,total RNA,total_RNA_ribogreen,no,html_cache/US20100144834A1.html.gz,verbatim,982786,Example 1,RIBOGREEN:11; total_RNA_norm:7; GAPDH:3,"reated with 60 nM of antisense oligonucleotide. After a treatment period of approximately 24 hours, RNA was isolated from the cells and PCSK9 mRNA levels were measured by quantitative real-time PCR, as described herein. PCSK9 mRNA levels were adjusted according to total RNA content as measured by RIBOGREEN®. Results are presented as percent inhibition of PCSK9, relative to untreated control cells. Antisense oligonucleotides that exhibit"
US20160068845A1,total RNA,total_RNA_ribogreen,no,html_cache/US20160068845A1.html.gz,verbatim,122948,Example 7,RIBOGREEN:27; total_RNA_norm:21; cyclophilin:4,"ne, cytosine, thymine and guanine, ‘mC’ for 5-methylcytosine, and ‘K’ for Lysine Side Chain. DMPK mRNA transcript levels were measured by quantitative real-time PCR using primer probe set RTS3164, described hereinabove. DMPK mRNA transcript levels were normalized to total RNA content, as measured by RIBOGREEN®. Results are presented in Table 5 as percent inhibition of DMPK, relative to untreated control cells. the tested antisense oligo"
US20220380773A1,total RNA,total_RNA_ribogreen,no,html_cache/US20220380773A1.html.gz,verbatim,153866,Example 7,RIBOGREEN:6; total_RNA_norm:6,"eriod of approximately 24 hours, RNA was isolated from the cells and APP RNA levels were measured by quantitative real-time RTPCR. Human primer probe set RTS35571 (described herein above) was used to measure RNA levels. APP RNA levels were normalized to total RNA content, as measured by RIBOGREEN®. Results are presented as percent change of APP RNA, relative to PBS control. The symbol “f” indicates that the modified oligonucleotide is c"
US20240279654A1,total RNA,total_RNA_ribogreen,no,html_cache/US20240279654A1.html.gz,verbatim,158687,Example 7,RIBOGREEN:2; total_RNA_norm:2,"AAATTCTGTATTGCTGGTCA, designated herein as SEQ ID NO: 9; reverse sequence CCTTCTTATTGAACAGGATCTTCAC, designated herein as SEQ ID NO: 10; probe sequence AGTCACACCCCAAAGCCTCTTTATTCTTT, designated herein as SEQ ID NO: 11). PTBP1 RNA levels were noralized to total RNA content, as measured by RIBOGREEN®. Reduction of PTBP1 RNA is presented in the table below as percent PTBP1 RNA relative to the amount in untreated control cells (% UTC). The "
US20220243203A1,total RNA,total_RNA_ribogreen,no,html_cache/US20220243203A1.html.gz,NOT_FOUND,-1,,RIBOGREEN:6; total_RNA_norm:6; GAPDH:4,
US20050009088A1,total RNA (RiboGreen) or GAPDH,total_RNA_ribogreen,no,html_cache/US20050009088A1.html.gz,fuzzy-first14,349335,Example 7,RIBOGREEN:11; total_RNA_norm:2; GAPDH:23,"priate volumes of medium and oligonucleotide. HMECs Normal human mammary epithelial cells DMEM low glucose Gibco/Life Technologies, Gaithersburg, Md. fetal calf serum Gibco/Life Technologies, Gaithersburg, Md. Cells were routinely passaged by trypsinization and dilution when they reached 90% confluence. Cells were seeded into 96-well plates (Falcon-Primaria #353872, BD Biosciences, Bedford, Mass.) at a density of 7000 cells/well for use"
US20100234447A1,total RNA (RiboGreen) or GAPDH,total_RNA_ribogreen,no,html_cache/US20100234447A1.html.gz,NOT_FOUND,-1,,RIBOGREEN:13; total_RNA_norm:4; GAPDH:20,
US20100069472A1,total RNA (RIBOGREEN) or GAPDH,total_RNA_ribogreen,no,html_cache/US20100069472A1.html.gz,fuzzy-first14,103748,Example 1,RIBOGREEN:4; total_RNA_norm:2; GAPDH:4,the function of particular genes or to distinguish between functions of various members of a biological pathway. the oligomeric compounds of the present invention can be used as tools in differential and/or combinatorial analyses to elucidate expression patterns of a portion or the entire complement of genes expressed within cells and tissues. expression patterns within cells or tissues treated with one or more compounds or compositions
US20240360453A1,total RNA,total_RNA_ribogreen,no,html_cache/US20240360453A1.html.gz,fuzzy-first14,119812,Example 7,RIBOGREEN:22; total_RNA_norm:22; cyclophilin:6,"the internucleoside linkages of the modified oligonucleotides are phosphodiester (“o”) and phosphorothioate (“s”) internucleoside linkages. the phosphodiester (“o”) and phosphorothioate (“s”) internucleoside linkages are arranged in order from 5′ to 3′: sooossssssssssooss. nucleobase sequences of SEQ ID Nos: 750, 1927, 1928, 1929, 1930, 1931, 1932, 1933, 1934, 1935, 2822, 2898, 3351, and 3733 are complementary to nucleobases 119,903-119"
US20130281509A1,total RNA (RIBOGREEN),total_RNA_ribogreen,no,html_cache/US20130281509A1.html.gz,verbatim,341391,Example 8,RIBOGREEN:31; total_RNA_norm:20; cyclophilin:8," herein as SEQ ID NO: 327; reverse sequence AGCTATTGATGTCTGCAGTCTTTAGG, designated herein as SEQ ID NO: 328; probe sequence AGCCGACGGTTTCCCCTATGTGCA, designated herein as SEQ ID NO: 329) was used to measure mRNA levels. FGFR4 mRNA levels were adjusted according to total RNA content, as measured by RIBOGREEN®. Results are presented as percent inhibition of FGFR4, relative to untreated control cells. A total of 458 oligonucleotides were t"
US20110160283A1,total RNA (RIBOGREEN),total_RNA_ribogreen,no,html_cache/US20110160283A1.html.gz,verbatim,181979,Example 7,RIBOGREEN:15; total_RNA_norm:9; GAPDH:11; housekeeping:7,"e treated with 150 nM antisense oligonucleotide. After a treatment period of approximately 24 hours, RNA was isolated from the cells and CD40 mRNA levels were measured by quantitative real-time PCR, as described herein. CD40 mRNA levels were adjusted according to total RNA content as measured by normalization to RIBOGREEN®. Results are presented as percent inhibition of CD40, relative to untreated control cells in Table 1. the antisense"
US20190247420A1,total RNA (RIBOGREEN),total_RNA_ribogreen,no,html_cache/US20190247420A1.html.gz,verbatim,95029,Example 7,RIBOGREEN:3; total_RNA_norm:3,"leotides complementary to an ATXN3 nucleic acid were designed and tested for their effect on ATXN3 mRNA in vitro. the modified oligonucleotides were tested in a series of experiments that had similar culture conditions. ATXN3 mRNA levels were adjusted according to total RNA content, as measured by RIBOGREEN®. Results are presented as percent reduction of the amount of ATXN3 mRNA, relative to untreated control cells (these conditions des"
US20150259679A1,total RNA (RIBOGREEN),total_RNA_ribogreen,no,html_cache/US20150259679A1.html.gz,verbatim,102777,Example 5,RIBOGREEN:17; total_RNA_norm:11; cyclophilin:4,"ignated herein as SEQ ID NO: 15; reverse sequence GCCACTTAAAGCAATCTCTGTCTTG, designated herein as SEQ ID NO: 16; probe sequence TCGACTCTTTGCCCACCGCCA, designated herein as SEQ ID NO: 17) was used to measure mRNA levels. C9ORF72 mRNA levels were adjusted according to total RNA content, as measured by RIBOGREEN®. Results are presented as percent inhibition of C9ORF72, relative to untreated control cells. the antisense oligonucleotides in "
US20120214862A1,total RNA (RIBOGREEN),total_RNA_ribogreen,no,html_cache/US20120214862A1.html.gz,verbatim,154569,Example 7,RIBOGREEN:30; total_RNA_norm:24; GAPDH:7; cyclophilin:7,"pofectin reagent with 50 nM antisense oligonucleotide. After a treatment period of approximately 24 hours, RNA was isolated from the cells and Factor 7 mRNA levels were measured by real-time RT-PCR, as described herein. Factor 7 mRNA levels were adjusted according to total RNA content as measured by RIBOGREEN®. Results are presented as percent inhibition of Factor 7, relative to untreated control cells. the chimeric antisense oligonucle"
US20180036335A1,total RNA (RiboGreen),total_RNA_ribogreen,no,html_cache/US20180036335A1.html.gz,verbatim,71440,Example 2,RIBOGREEN:10; total_RNA_norm:4; GAPDH:4; cyclophilin:4,"eir effects on target mRNA levels. HepG2 cells were plated at a density of 20,000 cells per well in 96-well plates and were electroporated with 4.00 ⁇ M oligonucleotide or with no oligonucleotide for untreated controls. MECP2 mRNA levels were adjusted according to total RNA content, as measured by RIBOGREEN®. Results are presented as average percent inhibition of MECP2 mRNA expression level, relative to untreated control cells, in the t"
US20170335322A1,total RNA (RiboGreen),total_RNA_ribogreen,no,html_cache/US20170335322A1.html.gz,verbatim,101576,Example 7,RIBOGREEN:2; total_RNA_norm:2,"gonucleotides was designed to target different regions of human cartilage oligomeric matrix protein (COMP). the antisense oligonucleotides are targeted to the human mRNA SEQ ID NO: 1 (GENBANK Accession No. NM_000095.2). COMP mRNA transcript levels were adjusted according to total RNA content, as measured by RIBOGREEN®. Results are presented in Tables 1-4 as average COMP mRNA expression level relative to untreated control cells. ISIS No."
US20100298417A1,total RNA (RiboGreen),total_RNA_ribogreen,no,html_cache/US20100298417A1.html.gz,verbatim,164626,Example 7,RIBOGREEN:30; total_RNA_norm:24; GAPDH:7; cyclophilin:7,"pofectin reagent with 50 nM antisense oligonucleotide. After a treatment period of approximately 24 hours, RNA was isolated from the cells and Factor 7 mRNA levels were measured by real-time RT-PCR, as described herein. Factor 7 mRNA levels were adjusted according to total RNA content as measured by RIBOGREEN®. Results are presented as percent inhibition of Factor 7, relative to untreated control cells. the chimeric antisense oligonucle"
US20130190384A1,total RNA (RiboGreen),total_RNA_ribogreen,no,html_cache/US20130190384A1.html.gz,verbatim,133422,Example 7,RIBOGREEN:37; total_RNA_norm:31; cyclophilin:4,"d using lipofectin reagent with 75 nM antisense oligonucleotide. After a treatment period of approximately 24 hours, RNA was isolated from the cells and Factor 11 mRNA levels were measured by quantitative real time PCR. Factor 11 mRNA levels were adjusted according to total RNA content, as measured by RIBOGREEN. Results are presented as percent inhibition of Factor 11, relative to untreated control cells. the chimeric antisense oligonuc"
US20140107180A1,total RNA (RiboGreen),total_RNA_ribogreen,no,html_cache/US20140107180A1.html.gz,verbatim,225648,Example 7,RIBOGREEN:26; total_RNA_norm:25; GAPDH:6," designated herein as SEQ ID NO: 9; reverse sequence GAGCCATCCAAACTCTTGAGA, designated herein as SEQ ID NO: 10; probe sequence AGTACCGCATGCACAAGTCCCG, designated herein as SEQ ID NO: 11) was used to measure mRNA levels. AR mRNA levels were adjusted according to total RNA content, as measured by RIBOGREEN®. Results are presented as percent inhibition of AR, relative to untreated control cells. A total of 155 oligonucleotides were tested."
US20110230544A1,GAPDH or total RNA (RiboGreen),unknown,no,html_cache/US20110230544A1.html.gz,normalized,529068,Example 9,RIBOGREEN:13; total_RNA_norm:4; GAPDH:22,"an additional 20 hrs. RNA was harvested 24 hrs after treatment with oligonucleotide using the QIAGEN® RNeasy (Qiagen Ltd, Valencia, Calif.) procedure and C-reactive protein RNA detected using RT-PCR analysis. Primary Rat Hepatocytes: Primary rat hepatocytes were prepared from Sprague-Dawley rats purchased from Charles River Labs (Wilmington, Mass.) and were routinely cultured in DMEM, high glucose (Invitrogen Corporation, Carlsbad, Cali"
US20120283312A1,GAPDH or total RNA (RiboGreen),unknown,no,html_cache/US20120283312A1.html.gz,normalized,398419,Example 9,RIBOGREEN:13; total_RNA_norm:2; GAPDH:20,"mes of medium and oligonucleotide. HeLa Cells: The human epitheloid carcinoma cell line HeLa was obtained from the American Tissue Type Culture Collection (Manassas, Va.). HeLa cells were routinely cultured in DMEM, high glucose (Invitrogen Corporation, Carlsbad, Calif.) supplemented with 10% fetal bovine serum (Invitrogen Corporation, Carlsbad, Calif.). Cells were routinely passaged by trypsinization and dilution when they reached appr"
US20060025373A1,GAPDH or total RNA (RiboGreen),unknown,no,html_cache/US20060025373A1.html.gz,normalized,356979,Example 7,RIBOGREEN:24; total_RNA_norm:2; GAPDH:24,"is of Oligonucleotide Inhibition of Glucocorticoid Receptor Expression Antisense modulation of glucocorticoid receptor expression can be assayed in a variety of ways known in the art. For example, glucocorticoid receptor mRNA levels can be quantitated by, e.g., Northern blot analysis, competitive polymerase chain reaction (PCR), or real-time PCR (RT-PCR). Real-time quantitative PCR is presently preferred. RNA analysis can be performed o"
US20050043256A1,GAPDH or total RNA (RiboGreen),unknown,no,html_cache/US20050043256A1.html.gz,normalized,316623,Example 9,RIBOGREEN:11; total_RNA_norm:2; GAPDH:20,"e insulin (Sigma). Cells were seeded into 96-well plates (Falcon-Primaria #3872) at a density of 10000 cells/well for use in RT-PCR analysis. For Northern blotting or other analyses, cells are plated onto 100 mm or other standard tissue culture plates coated with rat tail collagen (200 μg/mL) (Becton Dickinson) and treated similarly using appropriate volumes of medium and oligonucleotide. Treatment with Antisense Compounds: When cells r"
US20170175114A1,total RNA (RiboGreen),total_RNA_ribogreen,no,html_cache/US20170175114A1.html.gz,fuzzy-first14,136857,Example 18,RIBOGREEN:12; total_RNA_norm:6; cyclophilin:5; housekeeping:8,"the art, and may include the use of software such as PRIMER EXPRESS Software (Applied Biosystems, Foster City, Calif.). Antisense inhibition of Ataxin 2 nucleic acids can be assessed by measuring Ataxin 2 protein levels. Protein levels of Ataxin 2 can be evaluated or quantitated in a variety of ways well known in the art, such as immunoprecipitation, Western blot analysis (immunoblotting), enzyme-linked immunosorbent assay (ELISA), quan"
US20050101013A1,GAPDH or total RNA (RiboGreen),unknown,no,html_cache/US20050101013A1.html.gz,normalized,235996,Example 11,RIBOGREEN:11; total_RNA_norm:2; GAPDH:17,"s.), protein-based assays including enzymatic assays (Panvera, LLC, Madison, Wis.; BD Biosciences, Franklin Lakes, N.J.; Oncogene Research Products, San Diego, Calif.), cell regulation, signal transduction, inflammation, oxidative processes and apoptosis (Assay Designs Inc., Ann Arbor, Mich.), triglyceride accumulation (Sigma-Aldrich, St. Louis, Mo.), angiogenesis assays, tube formation assays, cytokine and hormone assays and metabolic "
US20090082302A1,total_RNA,total_RNA_ribogreen,no,html_cache/US20090082302A1.html.gz,normalized,223843,Example 7,RIBOGREEN:13; total_RNA_norm:2; GAPDH:21,"eatment dose as well as changes in levels of cellular components such as proteins, lipids, nucleic acids, hormones, saccharides or metals. Measurements of cellular status which include pH, stage of the cell cycle, intake or excretion of biological indicators by the cell, are also endpoints of interest. Measurement of the expression of one or more of the genes of the cell after treatment is also used as an indicator of the efficacy or po"
US20100240738A1,total_RNA,total_RNA_ribogreen,no,html_cache/US20100240738A1.html.gz,normalized,323287,Example 9,RIBOGREEN:11; total_RNA_norm:2; GAPDH:23,"n 80% inhibition of c-Ha-ras (for ISIS 13920) or c-raf (for ISIS 15770) mRNA is then utilized as the screening concentration for new oligonucleotides in subsequent experiments for that cell line. If 80% inhibition is not achieved, the lowest concentration of positive control oligonucleotide that results in 60% inhibition of H-ras or c-raf mRNA is then utilized as the oligonucleotide screening concentration in subsequent experiments for "
US20100113573A1,total_RNA,total_RNA_ribogreen,no,html_cache/US20100113573A1.html.gz,normalized,303557,Example 16,RIBOGREEN:17; total_RNA_norm:8; GAPDH:19,02 Coding 11 355 gtctctctttatccgcagag 89 121 2 348003 Coding 11 362 ctggcaagtctctctttatc 66 122 2 348004 Coding 11 367 tttccctggcaagtctctct 56 123 2 348005 Coding 11 372 atgattttccctggcaagtc 75 124 2 348006 Coding 11 414 gtaagctgtcatcttgttcc 73 125 2 348007 Coding 11 424 gttctgtgatgtaagctgtc 49 126 2 348008 Coding 11 477 tagcttgtctggttttcgag 63 127 2 348009 Coding 11 591 caaatgtttcagttcctgat 82 128 2 348010 Coding 11 622 taaacagaaagccat
US20110136889A1,total_RNA,total_RNA_ribogreen,no,html_cache/US20110136889A1.html.gz,normalized,205855,Example 1,RIBOGREEN:11; total_RNA_norm:2; GAPDH:17,"ide using a transfection method as described. Other suitable transfection reagents known in the art include, but are not limited to, LIPOFECTAMINE™, OLIGOFECTAMINE™, and FUGENE™. Other suitable transfection methods known in the art include, but are not limited to, electroporation. LIPOFECTIN™ When cells reached 65-75% confluency, they were treated with oligonucleotide. Oligonucleotide was mixed with LIPOFECTIN™ Invitrogen Life Technolog"
US20100324122A1,total_RNA,total_RNA_ribogreen,no,html_cache/US20100324122A1.html.gz,normalized,281238,Example 10,RIBOGREEN:11; total_RNA_norm:2; GAPDH:22; cyclophilin:33,"antitative (PCR) can be conveniently accomplished using the commercially available ABI PRISM™ 7600, 7700, or 7900 Sequence Detection System, available from PE-Applied Biosystems, Foster City, Calif. and used according to manufacturer's instructions. Protein levels of SGLT2 can be quantitated in a variety of ways well known in the art, such as immunoprecipitation, Western blot analysis (immunoblotting), enzyme-linked immunosorbent assay "
US20110112171A1,total_RNA,total_RNA_ribogreen,no,html_cache/US20110112171A1.html.gz,normalized,162029,Example 1,RIBOGREEN:16; total_RNA_norm:2; GAPDH:16,"de. Oligonucleotide was mixed with LIPOFECTIN™ (Invitrogen Life Technologies, Carlsbad, Calif.) in Opti-MEM™-1 reduced serum medium (Invitrogen Life Technologies, Carlsbad, Calif.) to achieve the desired concentration of oligonucleotide and a LIPOFECTIN™ concentration of 2.5 or 3 .micro.g/mL per 100 nM oligonucleotide. Final concentration of the oligonucleotide was 50nM. This transfection mixture was incubated at room temperature for ap"
US20130190382A1,total RNA,total_RNA_ribogreen,no,html_cache/US20130190382A1.html.gz,verbatim,326258,Example 6,RIBOGREEN:10; total_RNA_norm:4; cyclophilin:5; housekeeping:2,"Growth Supplement (from Cascade Biologics) were plated into 96-well plates at 5,000 cells per well and incubated overnight at 37° C. in the presence of 5% CO 2 . Opti-MEM I Invitrogen Oligo-Lipofectamine 2000 Invitrogen CTGF message was measured by quantitative real time polymerase chain reaction (RT-PCR) (Primer/Probe sets shown below) and the results were normalized to total RNA. the new CTGF oligonucleotides (SEQ ID NOs: 28, 30, 39, "
US20130217749A1,total RNA,total_RNA_ribogreen,no,html_cache/US20130217749A1.html.gz,normalized,205580,Example 7,RIBOGREEN:18; total_RNA_norm:10; GAPDH:6; cyclophilin:9,"sitions are co-administered with another pharmaceutical agent to treat an undesired effect of that other pharmaceutical agent. one or more pharmaceutical compositions are co-administered with another pharmaceutical agent to produce a combinational effect. In certain embodiments, one or more pharmaceutical compositions are co-administered with another pharmaceutical agent to produce a synergistic effect. a first agent and one or more sec"
US20110054003A1,total RNA,total_RNA_ribogreen,no,html_cache/US20110054003A1.html.gz,normalized,439162,Example 13,RIBOGREEN:11; total_RNA_norm:2,"tide concentrations were 200 nM or 300 nM. 24 hours after transfection, cells were counted to determine the effect of antisense treatment on cell death. Cells were harvested at 24 hours post transfection for western blot analysis and at 48 hours post-transfection for Annexin-V staining for apoptosis. Effects of oligonucleotide on cell number are shown in Table 12. TABLE 12 Effect of antisense inhibition of STAT3 on cell number 200 nM 30"
US20140357856A1,total RNA,total_RNA_ribogreen,no,html_cache/US20140357856A1.html.gz,fuzzy-first14,531912,Example 37,RIBOGREEN:9; total_RNA_norm:2; GAPDH:13; cyclophilin:7; housekeeping:5,"ly 4000-6000 cells/well for use in oligomeric compound transfection experiments. A549 Cells: The human lung carcinoma cell line A549 was obtained from the American Type Culture Collection (Manassas, Va.). A549 cells were routinely cultured in DMEM, high glucose (Invitrogen Life Technologies, Carlsbad, Calif.) supplemented with 10% fetal bovine serum, 100 units per ml penicillin, and 100 micrograms per ml streptomycin (Invitrogen Life Te"
US20070161589A1,GAPDH,housekeeping_gene,no,html_cache/US20070161589A1.html.gz,fuzzy-first14,237226,Example 9,GAPDH:8; cyclophilin:1,"8703 Stop 873 GGTGCAGCCTCACTGTCT 81 18704 3′ UTR 910 AACTGCCTGTTTGCCCAC 82 18705 3′ UTR 954 CTTCTGCCTGCACCCCTG 83 18706 3′ UTR 976 ACTGACTGGGCATAGCTC 84 1 Target sites are indicated by the 5′ most nucleotide to which the oligonucleotide hybridizes on the CD40 mRNA se|uence. Nucleotide numbers are as given in the se|uence source reference (Genbank accession no. X60592, incorporated herein as SEQ ID NO: 85). Target regions on the CD40 mRN"
US20140256797A1,total RNA,total_RNA_ribogreen,no,html_cache/US20140256797A1.html.gz,normalized,465046,Example 67,RIBOGREEN:33; total_RNA_norm:26; cyclophilin:5,"gents (e.g., 5-FU, MTX and oligonucleotide, or 5-FU, radiotherapy and oligonucleotide). Anti-inflammatory drugs, including but not limited to nonsteroidal anti-inflammatory drugs and corticosteroids, and antiviral drugs, including but not limited to ribivirin, vidarabine, acyclovir and ganciclovir, may also be combined in compositions of the invention. Combinations of antisense compounds and other non-antisense drugs are also within the"
US20160032285A1,total_RNA,total_RNA_ribogreen,no,html_cache/US20160032285A1.html.gz,normalized,172717,Example 7,RIBOGREEN:12; total_RNA_norm:12; GAPDH:4,"iate or ameliorate symptoms of a disease or to prolong the survival of the subject being treated. Determination of a therapeutically effective amount is well within the capability of those skilled in the art. one or more modified oligonucleotide provided herein is formulated as a prodrug. a prodrug upon in vivo administration, is chemically converted to the biologically, pharmaceutically or therapeutically more active form of an oligonu"
US20040006031A1,total_RNA,total_RNA_ribogreen,no,html_cache/US20040006031A1.html.gz,normalized,495167,Example 7,RIBOGREEN:11; total_RNA_norm:2; GAPDH:20, 4 OH at elevated temperature (55-60° C.) for 12-16 hours and the released product then dried in vacuo. The dried product was then re-suspended in sterile water to afford a master plate from which all analytical and test plate samples are then diluted utilizing robotic pipettors. Example 8 Oligonucleotide Analysis—96-Well Plate Format [0250] The concentration of oligonucleotide in each well was assessed by dilution of samples and UV abs
US20130116301A1,total_RNA,total_RNA_ribogreen,no,html_cache/US20130116301A1.html.gz,normalized,235534,Example 7,RIBOGREEN:20; total_RNA_norm:14; cyclophilin:5,"ight, once or more daily. While the present invention has been described with specificity in accordance with certain of its preferred embodiments, the following examples serve only to illustrate the invention and are not intended to limit the same. Each of the references, GenBank accession numbers, and the like recited in the present application is incorporated herein by reference in its entirety. Certain Compounds About seven hundred a"
US20090156526A1,total_RNA,total_RNA_ribogreen,no,html_cache/US20090156526A1.html.gz,normalized,195094,Example 6,RIBOGREEN:9; total_RNA_norm:2; GAPDH:6,"ntisense compounds, particularly oligonucleotides, targeted to a first nucleic acid and one or more additional antisense compounds targeted to a second nucleic acid target. Alternatively, compositions provided herein can contain two or more antisense compounds targeted to different regions of the same nucleic acid target. Two or more combined compounds may be used together or sequentially. Compositions can also be combined with other no"
US20180105817A1,total_RNA,total_RNA_ribogreen,no,html_cache/US20180105817A1.html.gz,normalized,271387,Example 7,RIBOGREEN:20; total_RNA_norm:14; cyclophilin:12; housekeeping:4,"nds identified as potent and tolerable in mice studies were assessed for cross-reactivity to a rhesus monkey TMPRSS6 gene sequence (Example 7). Although the antisense compounds in the studies described herein were tested in cynomolgus monkeys (Example 11), the cynomolgus monkey TMPRSS6 sequence was not available for comparison to the sequences of the antisense compounds, therefore the sequences of the antisense compounds were compared t"
US20070020679A1,total_RNA,total_RNA_ribogreen,no,html_cache/US20070020679A1.html.gz,normalized,403153,Example 9,RIBOGREEN:11; total_RNA_norm:2; GAPDH:24,"her analyses, cells may be seeded onto 100 mm or other standard tissue culture plates and treated similarly, using appropriate volumes of medium and oligonucleotide. Treatment with Antisense Compounds: When cells reached 65-75% confluency, they were treated with oligonucleotide. For cells grown in 96-well plates, wells were washed once with 100 μL OPTI-MEM™-1 reduced-serum medium (Invitrogen Corporation, Carlsbad, Calif.) and then treat"
US20110166065A1,GAPDH or total RNA (RiboGreen),unknown,no,html_cache/US20110166065A1.html.gz,fuzzy-first14,268911,Example 4,RIBOGREEN:18; total_RNA_norm:4; GAPDH:20,"ucleotide. This transfection mixture was incubated at room temperature for approximately 0.5 hours. For cells grown in 96-well plates, wells were washed once with 100 ⁇ L OPTI-MEMTM-1 and then treated with 130 ⁇ L of the transfection mixture. Cells grown in 24-well plates or other standard tissue culture plates are treated similarly, using appropriate volumes of medium and oligonucleotide. Cells are treated and data are obtained in dupl"
US20040208856A1,GAPDH or total RNA (RiboGreen),unknown,no,html_cache/US20040208856A1.html.gz,fuzzy-first14,199981,Example 7,RIBOGREEN:11; total_RNA_norm:2; GAPDH:20,"nt), end (after the final treatment), and at regular intervals during the study period. biological parameters associated with the indicated disease state or condition include the levels of nucleic acid molecules encoding apolipoprotein C-III or apolipoprotein C-III protein levels in body fluids, tissues or organs compared to pre-treatment levels. Other measurements include, but are not limited to, indices of the disease state or conditi"
US20090124009A1,GAPDH,housekeeping_gene,no,html_cache/US20090124009A1.html.gz,fuzzy-first14,118679,,GAPDH:15,"c acid expression can be tested in any of a variety of cell types provided that the target nucleic acid is present at measurable levels. This can be routinely determined using, for example, PCR or Northern blot analysis. The following 5 cell types are provided for illustrative purposes, but other cell types can be routinely used, provided that the target is expressed in the cell type chosen. This can be readily determined by methods rou"
US20020147164A1,GAPDH,housekeeping_gene,no,html_cache/US20020147164A1.html.gz,fuzzy-first14,256002,,GAPDH:11,f linked nucleosides is positioned between 5′ and 3′ “wing” segments of linked nucleosides and a second “open end” type wherein the “gap” segment is located at either the 3′ or the 5′ terminus of the oligomeric compound. Oligonucleotides of the first type are also known in the art as “gapmers” or gapped oligonucleotides. Oligonucleotides of the second type are also known in the art as “hemimers” or “wingmers”. Chimeric oligonucleotides 
US20020147165A1,GAPDH,housekeeping_gene,no,html_cache/US20020147165A1.html.gz,fuzzy-first14,257931,,GAPDH:12,es or mixed oligonucleotides/oligonucleosides of the invention can be of several different types. These include a first type wherein the “gap” segment of linked nucleosides is positioned between 5′ and 3′ “wing” segments of linked nucleosides and a second “open end” type wherein the “gap” segment is located at either the 3′ or the 5′ terminus of the oligomeric compound. Oligonucleotides of the first type are also known in the art as “ga
US20030105044A1,GAPDH or total RNA (RiboGreen),unknown,no,html_cache/US20030105044A1.html.gz,fuzzy-first14,292896,Example 7,RIBOGREEN:11; total_RNA_norm:2; GAPDH:18,"arcinoma cell line A549 was obtained from the American Type Culture Collection (ATCC) (Manassas, Va.). A549 cells were routinely cultured in DMEM basal media (Gibco/Life Technologies, Gaithersburg, Md.) supplemented with 10% fetal calf serum (Gibco/Life Technologies, Gaithersburg, Md.), penicillin 100 units per mL, and streptomycin 100 micrograms per mL (Gibco/Life Technologies, Gaithersburg, Md.). Cells were routinely passaged by tryps"
US20020147166A1,GAPDH,housekeeping_gene,no,html_cache/US20020147166A1.html.gz,fuzzy-first14,484097,Example 1,GAPDH:11,"rt atmosphere. The progress of the reaction was monitored by TLC (hexane:ethyl acetate 1:1). The solvent was evaporated, then the residue was dissolved in ethyl acetate (70 mL) and washed with 5% aqueous NaHCO 3 (40 mL) . Ethyl acetate layer was dried over anhydrous Na 2 SO 4 and concentrated. Residue obtained was chromatographed (ethyl acetate as eluent) to get 5′-O-DMT-2′-O-(2-N,N -dimethylaminooxyethyl)-5-methyluridine-3′-[(2-cyanoet"
US20220243205A1,total RNA,total_RNA_ribogreen,no,html_cache/US20220243205A1.html.gz,NOT_FOUND,-1,,RIBOGREEN:13; total_RNA_norm:13; ACTB_bactin:4,
US20030220282A1,GAPDH,housekeeping_gene,no,html_cache/US20030220282A1.html.gz,fuzzy-first14,256444,Example 5,GAPDH:17,"yl)]--[2′-deoxy]--[2′-O-(Methoxyethyl)] Chimeric Phosphorothioate Oligonucleotides [2′-O-(2-methoxyethyl)]--[2′-deoxy]--[-2′-O-(methoxyethyl)] chimeric phosphorothioate oligonucleotides were prepared as per the procedure above for the 2′-O-methyl chimeric oligonucleotide, with the substitution of 2′-O-(methoxyethyl) amidites for the 2′-O-methyl amidites. [0170] [2′-O-(2-Methoxyethyl)Phosphodiester]--[2′-deoxy Phosphorothioate]--[2′-O-(2"
US20050143335A1,GAPDH,housekeeping_gene,no,html_cache/US20050143335A1.html.gz,fuzzy-first14,75022,,GAPDH:5," in the art and can be found at, for example, Ausubel, F. M. et al., Current Protocols in Molecular Biology , Volume 2, pp. 11.2.1-11.2.22, John Wiley & Sons, Inc., 1991. Poly(A)&#43; mRNA was isolated according to Miura et al., Clin. Chem., 1996, 42, 1758-1764. Other methods for poly(A)&#43; mRNA isolation are taught in, for example, Ausubel, F. M. et al., Current Protocols in Molecular Biology , Volume 1, pp. 4.5.1-4.5.3, John Wiley &"
US20190367916A1,total RNA,total_RNA_ribogreen,no,html_cache/US20190367916A1.html.gz,NOT_FOUND,-1,,RIBOGREEN:32; total_RNA_norm:26; cyclophilin:4,
US20040110147A1,"GAPDH or total RNA (either/or, unresolved)",unknown,no,html_cache/US20040110147A1.html.gz,verbatim,231816,Example 7,RIBOGREEN:11; total_RNA_norm:2; GAPDH:20; ACTB_bactin:2,"owing a 10 minute incubation at 95° C. to activate the PLATINUM® Taq, 40 cycles of a two-step PCR protocol were carried out: 95° C. for 15 seconds (denaturation) followed by 60° C. for 1.5 minutes (annealing/extension). Gene target quantities obtained by real time RT-PCR are normalized using either the expression level of GAPDH, a gene whose expression is constant, or by quantifying total RNA using RiboGreenTM (Molecular Probes, Inc. Eu"
US20030235910A1,"GAPDH or total RNA (either/or, unresolved)",unknown,no,html_cache/US20030235910A1.html.gz,verbatim,135046,Example 7,RIBOGREEN:11; total_RNA_norm:2; GAPDH:18,"e RT reaction was carried out by incubation for 30 minutes at 48° C. PCR cocktail 2.5 ⁇ PCR buffer (—MgCl2), 6.6 mM MgCl2, 375 ⁇ M each of DATP, dCTP, dCTP and dGTP, 375 nM each of forward primer and reverse primer, 125 Gene target quantities obtained by real time RT-PCR are normalized using either the expression level of GAPDH, a gene whose expression is constant, or by quantifying total RNA using RiboGreenTM (Molecular Probes, Inc. Eu"
US20040115649A1,"GAPDH or total RNA (either/or, unresolved)",unknown,no,html_cache/US20040115649A1.html.gz,verbatim,274220,Example 7,RIBOGREEN:11; total_RNA_norm:2; GAPDH:20,"owing a 10 minute incubation at 95° C. to activate the PLATINUM® Taq, 40 cycles of a two-step PCR protocol were carried out: 95° C. for 15 seconds (denaturation) followed by 60° C. for 1.5 minutes (annealing/extension). Gene target quantities obtained by real time RT-PCR are normalized using either the expression level of GAPDH, a gene whose expression is constant, or by quantifying total RNA using RiboGreenTM (Molecular Probes, Inc. Eu"
US20030078219A1,"GAPDH or total RNA (either/or, unresolved)",unknown,no,html_cache/US20030078219A1.html.gz,verbatim,415918,Example 7,RIBOGREEN:11; total_RNA_norm:2; GAPDH:20,"ing a 10 minute incubation at 95° C. to activate the AMPLITAQ GOLDTM, 40 cycles of a two-step PCR protocol were carried out: 95° C. for 15 seconds (denaturation) followed by 60° C. for 1.5 minutes (annealing/extension). Gene target quantities obtained by real time RT-PCR are normalized using either the expression level of GAPDH, a gene whose expression is constant, or by quantifying total RNA using RiboGreenTM (Molecular Probes, Inc. Eu"
US20220049248A1,total RNA,total_RNA_ribogreen,no,html_cache/US20220049248A1.html.gz,normalized,154381,,RIBOGREEN:12; total_RNA_norm:12; GAPDH:8; ACTB_bactin:5,"onucleotides were then tested for tolerability in preclinical rodent models (Examples 4 and 5). Body weights and organ weights, liver function markers (such as alanine transaminase, aspartate transaminase and bilirubin), hematology markers (such as hemoglobin and hematocrit levels, as well as individual blood cell counts), and kidney function markers (such as BUN and creatinine) were measured. Of the over 110 compounds tested by dose re"
US20030064944A1,"GAPDH or total RNA (either/or, unresolved)",unknown,no,html_cache/US20030064944A1.html.gz,verbatim,352507,Example 7,RIBOGREEN:10; total_RNA_norm:2; GAPDH:21,"ing a 10 minute incubation at 95° C. to activate the AMPLITAQ GOLDTM, 40 cycles of a two-step PCR protocol were carried out: 95° C. for 15 seconds (denaturation) followed by 60° C. for 1.5 minutes (annealing/extension). Gene target quantities obtained by real time RT-PCR are normalized using either the expression level of GAPDH, a gene whose expression is constant, or by quantifying total RNA using RiboGreenTM (Molecular Probes, Inc. Eu"
US20040029272A1,"GAPDH or total RNA (either/or, unresolved)",unknown,no,html_cache/US20040029272A1.html.gz,verbatim,130670,Example 7,RIBOGREEN:11; total_RNA_norm:2; GAPDH:19,"T reaction was carried out by incubation for 30 minutes at 48° C. PCR cocktail 2.5 ⁇ PCR buffer (—MgCl2), 6.6 mM MgCl2, 375 ⁇ M each of DATP, dCTP, dCTP and dGTP, 375 nM each of forward primer and reverse primer, 125 nM Gene target quantities obtained by real time RT-PCR are normalized using either the expression level of GAPDH, a gene whose expression is constant, or by quantifying total RNA using RiboGreenTM (Molecular Probes, Inc. Eu"
US20040110146A1,"GAPDH or total RNA (either/or, unresolved)",unknown,no,html_cache/US20040110146A1.html.gz,verbatim,209286,Example 7,RIBOGREEN:11; total_RNA_norm:2; GAPDH:18,"owing a 10 minute incubation at 95° C. to activate the PLATINUM® Taq, 40 cycles of a two-step PCR protocol were carried out: 95° C. for 15 seconds (denaturation) followed by 60° C. for 1.5 minutes (annealing/extension). Gene target quantities obtained by real time RT-PCR are normalized using either the expression level of GAPDH, a gene whose expression is constant, or by quantifying total RNA using RiboGreenTM (Molecular Probes, Inc. Eu"
US20030232440A1,"GAPDH or total RNA (either/or, unresolved)",unknown,no,html_cache/US20030232440A1.html.gz,verbatim,139561,Example 7,RIBOGREEN:11; total_RNA_norm:2; GAPDH:17,". The RT reaction was carried out by incubation for 30 minutes at 48° C. PCR cocktail 2.5 ⁇ PCR buffer (-MgCl2), 6.6 mM MgCl2, 375 ⁇ M each of dATP, dCTP, dCTP and dGTP, 375 nM each of forward primer and reverse primer, Gene target quantities obtained by real time RT-PCR are normalized using either the expression level of GAPDH, a gene whose expression is constant, or by quantifying total RNA using RiboGreenTM (Molecular Probes, Inc. Eu"
