patent_id,target_gene,cell_line,n_rows,normalizer_gene,normalization_basis,assay_method,used_actb,confidence,fetch_method,source_url,supporting_quote,notes
US20230002771A1,F12,Huh7,5864,total RNA,total_RNA_ribogreen,RT-qPCR,no,high,google_patents_html_grep,https://patents.google.com/patent/US20230002771A1/en,"After a treatment period of approximately 24 hours, total RNA was isolated from the cells, and FXII mRNA levels were measured by quantitative real-time RTPCR. ... FXII RNA levels were normalized to total RNA content, as measured by RIBOGREEN(R). Reduction of FXII RNA is presented in the tables below as percent FXII RNA relative to the amount in untreated control.","Ionis-style patent; FXII measured by quantitative real-time RT-PCR with multiple primer-probe sets (e.g. RTS2992, RTS40528), consistently normalized to total RNA by RiboGreen across all examples."
US20220112503A1,PMP22,A-549/K-562/A-431,5273,total RNA,total_RNA_ribogreen,RT-qPCR,no,high,google_patents_html_grep,https://patents.google.com/patent/US20220112503A1/en,"After a treatment period of approximately 24 hours, total RNA was isolated from the cells and PMP22 RNA levels were measured by quantitative real-time RTPCR. ... PMP22 RNA levels were adjusted according to total RNA content, as measured by RIBOGREEN(R). Results are presented in the tables below as percent PMP22 RNA levels relative to untreated control cells.","Ionis-style patent; quantitative real-time RT-PCR with primer-probe sets (e.g. RTS4579, RTS35670), normalized to total RNA by RiboGreen. In vivo sciatic-nerve samples normalized to control group."
US20180312845A1,DGAT2,HepG2,5203,total RNA,total_RNA_ribogreen,RT-qPCR,no,high,google_patents_html_grep,https://patents.google.com/patent/US20180312845A1/en,"RNA was isolated from the cells and DGAT2 mRNA levels were measured by quantitative real-time PCR. ... DGAT2 mRNA levels were adjusted according to total RNA content, as measured by RIBOGREEN(R). Results are presented as percent inhibition of DGAT2, relative to untreated control.","Predominant normalization is total RNA by RiboGreen across the in vitro screens (primer-probe sets RTS2367, RTS2977_MGB, RTS2988_MGB). One experiment additionally reports normalization to housekeeping gene Cyclophilin A: 'Results are presented as percent inhibition of DGAT2 mRNA, relative to PBS control, normalized to the house keeping gene CyclophilinA. Similar results were obtained on normalization with RIBOGREEN(R).' So both bases appear, but RiboGreen/total RNA is predominant."
US20210038631A1,IRF4,SK-MEL-28/MM.1R,4598,total RNA,total_RNA_ribogreen,RT-qPCR,no,high,google_patents_html_grep,https://patents.google.com/patent/US20210038631A1/en,"After a treatment period of approximately 24 hours, RNA was isolated from the cells and IRF4 mRNA levels were measured by quantitative real-time PCR / RT-qPCR. ... IRF4 mRNA levels were adjusted according to total RNA content, as measured by RIBOGREEN(R) (also written RiboGreen). Results are presented in the table below as percent control of the amount in untreated cells.","Ionis-style patent; quantitative real-time PCR / RT-qPCR with primer-probe sets (e.g. RTS3114, hIRF4_LTS34726, RTS4522, RTS4523), normalized to total RNA by RiboGreen. In vivo tumor samples also measured by RT-PCR; results given as percent change normalized to PBS-treated animals."
US20150315594A1,ANGPTL3,Hep3B,4579,total RNA,total_RNA_ribogreen,RT-qPCR,no,high,google_patents_html_grep,https://patents.google.com/patent/US20150315594A1/en,"After a treatment period of approximately 24 hours, RNA was isolated from the cells and ANGPTL3 mRNA levels were measured by quantitative real-time PCR. Human primer probe set RTS3492_MGB was used to measure mRNA levels. ANGPTL3 mRNA levels were adjusted according to total RNA content, as measured by RIBOGREEN(R).",Ionis/Isis patent. In vitro Hep3B screen of ~3000-5000 MOE/cET gapmers uses real-time PCR normalized to total RNA via RIBOGREEN (primer probe set RTS3492_MGB). In vivo mouse liver experiments in the same patent variously use RIBOGREEN/total RNA or cyclophilin; the in vitro Hep3B data (the basis for this dataset) is RIBOGREEN/total RNA.
US20230235331A1,MSH3,A-431/A431/A549,4242,total RNA,total_RNA_ribogreen,RT-qPCR,no,high,google_patents_html_grep,https://patents.google.com/patent/US20230235331A1/en,"After a treatment period of approximately 48 hours, total RNA was isolated from the cells and MSH3 RNA levels were measured by quantitative real-time RTPCR. Human MSH3 primer probe set RTS40982 was used to measure RNA levels as described above. MSH3 levels were normalized to total RNA content, as measured by RIBOGREEN(R).","Ionis Pharmaceuticals patent 'Compounds and Methods for Reducing MSH3 Expression'. All in vitro screens use real-time RTPCR with primer probe set RTS40982 (and HTS7138), normalized to total RNA via RIBOGREEN. Note: a DIFFERENT (non-Ionis) MSH3 patent family uses GUSB/beta-glucuronidase, but this specific patent uses total RNA/RIBOGREEN."
US20240191233A1,NLRP3,THP-1,4114,total RNA,total_RNA_ribogreen,RT-qPCR,no,high,google_patents_html_grep,https://patents.google.com/patent/US20240191233A1/en,"After a treatment period of approximately 24 hours, total RNA was isolated from the cells and NLRP3 RNA levels were measured by quantitative real-time RTPCR. NLRP3 RNA levels were measured by human primer-probe set RTS37509 (described herein above). ... NLRP3 RNA levels were normalized to total RNA content, as measured by RIBOGREEN(R).","Ionis patent. THP-1 in vitro screens use real-time RTPCR with primer probe set RTS37509, normalized to total RNA via RIBOGREEN (16 RIBOGREEN normalization statements vs 2 GAPDH in the whole document). Predominant and THP-1-specific basis is total RNA/RIBOGREEN."
US20220273691A1,HSD17B13,HepaRG,3878,total RNA,total_RNA_ribogreen,RT-qPCR,no,high,google_patents_html_grep,https://patents.google.com/patent/US20220273691A1/en,"After a treatment period of approximately 24 hours, HSD17B13 RNA levels were measured as previously described using the Human HSD17B13 primer-probe set RTS43553. HSD17B13 RNA levels were normalized to total RNA, as measured by RIBOGREEN(R).","Ionis patent. HepaRG in vitro screens use real-time RTPCR with primer probe set RTS43553. Predominant normalizer is total RNA/RIBOGREEN (6 of 8 HepaRG experiment blocks). SECONDARY basis: 2 HepaRG blocks normalize instead to GAPDH ('HSD17B13 RNA levels were normalized to total RNA content, as measured by human GAPDH' / 'normalized to total GAPDH content'). No ACTB used. Mixed normalization within the patent."
US20210123059A1,YAP1,A-431/SNU-449,3839,total RNA (RiboGreen); GAPDH for a subset,total_RNA_ribogreen,RT-qPCR,no,high,google_patents_html_grep,https://patents.google.com/patent/US20210123059A1/en,"RNA was isolated from the cells and Yap1 mRNA levels were measured by quantitative real-time RTPCR. ... Yap1 mRNA levels were normalized to total RNA content, as measured by RIBOGREEN(R). Results are presented in the tables below as percent control of the amount of Yap1 mRNA relative to untreated control cells (% UTC). [In a subset of experiments:] Yap1 mRNA levels were normalized to GAPDH content, as measured by primer probe set RTS104.",Ionis Pharmaceuticals patent. Predominant in vitro normalization = total RNA via RiboGreen (18 occurrences). A minority of in vitro experiments instead normalized Yap1 mRNA to GAPDH (primer-probe RTS104). In vivo mouse data normalized to mouse cyclophilin A. (GAPDH also appears separately as a Western-blot protein loading control - not the mRNA normalizer.) ACTB/beta-actin not used.
US20230114930A1,LRRK2,SH-SY5Y,3674,total RNA (RiboGreen),total_RNA_ribogreen,RT-qPCR,no,high,google_patents_html_grep,https://patents.google.com/patent/US20230114930A1/en,"RNA was isolated from the cells and LRRK2 RNA levels were measured by quantitative real-time PCR ... LRRK2 RNA levels were adjusted according to total RNA content, as measured by RIBOGREEN(R). Results are presented in the table below as percent LRRK2 RNA levels relative to untreated control cells.",Ionis Pharmaceuticals patent. Predominant in vitro normalization = total RNA via RiboGreen (22 occurrences). In vivo transgenic-mouse data normalized to cyclophilin A. ACTB/beta-actin not used.
US20220290146A1,ATXN1,A-431,3581,total RNA (RiboGreen),total_RNA_ribogreen,RT-qPCR,no,high,google_patents_html_grep,https://patents.google.com/patent/US20220290146A1/en,"ATXN1 RNA levels were normalized to total RNA content, as measured by RIBOGREEN(R). Results are presented in the tables below as percent ATXN1 RNA levels relative to untreated control cells (% control).",Ionis Pharmaceuticals patent. Predominant in vitro normalization = total RNA via RiboGreen. In vivo mouse data normalized to mouse cyclophilin A (real-time PCR on cortical brain tissue). ACTB/beta-actin not used.
US20240376469A1,HTT,A431/HepG2,3580,total RNA (RiboGreen),total_RNA_ribogreen,RT-qPCR,no,high,google_patents_html_grep,https://patents.google.com/patent/US20240376469A1/en,"HTT RNA levels were normalized to total RNA content, as measured by RIBOGREEN(R). Reduction of HTT RNA is presented in the tables below as percent HTT RNA relative to the amount of the HTT RNA in untreated control cells (% UTC).",Ionis Pharmaceuticals patent. Predominant in vitro normalization = total RNA via RiboGreen (12 occurrences). In vivo mouse studies normalized human HTT to mouse cyclophilin A (primer-probe m_cyclo24). ACTB/beta-actin not used.
US20200179435A1,FOXP3,LNCaP,3562,total RNA,total_RNA_ribogreen,RT-qPCR,no,high,uspto_image_pdf_ocr,https://image-ppubs.uspto.gov/dirsearch-public/print/downloadPdf/20200179435,"Cultured LNCaP cells ... were transfected using electroporation with 5,000 nM of modified oligonucleotide. After a treatment period of approximately 24 hours, RNA was isolated from the cells and Foxp3 mRNA levels were measured by quantitative real-time RTPCR. Human primer probe set RTS35925 ... was used to measure mRNA levels. Foxp3 mRNA levels were adjusted according to total RNA content, as measured by RIBOGREEN(R).","Ionis Pharmaceuticals patent (FOXP3 ASO program, AZD8701). Verbatim quote read from USPTO image PDF of US20200179435A1 (Example 1, printed p.38), since Google Patents truncates before Examples. Quantitative real-time RT-PCR, primer probe set RTS35925, normalized to total RNA via RiboGreen. ACTB not used."
US20230167446A1,PSD3,A431,3500,total RNA,total_RNA_ribogreen,RT-qPCR,no,high,uspto_image_pdf_ocr,https://image-ppubs.uspto.gov/dirsearch-public/print/downloadPdf/20230167446,"Cultured A431 cells were treated with modified oligonucleotide at a concentration of 2,000 nM by free uptake at a density of 10,000 cells per well. After a treatment period of approximately 48 hours, total RNA was isolated from the cells, and PSD3 RNA levels were measured by quantitative real-time RTPCR. PSD3 RNA levels were measured by either human primer-probe set RTS41429 ... or human primer-probe set RTS41435 ... as indicated in the tables below. PSD3 RNA levels were normalized to total RNA content, as measured by RIBOGREEN(R).","Ionis Pharmaceuticals patent. Verbatim quote read from USPTO image PDF of US20230167446A1 (Example 1, printed p.42). Quantitative real-time RT-PCR, primer-probe sets RTS41429/RTS41435, normalized to total RNA via RiboGreen; results reported as % UTC. ACTB not used."
US20200056179A1,ATXN2,A431/SCA2-04,3242,GUSB,housekeeping_gene,RT-qPCR,no,high,google_patents_html_grep,https://patents.google.com/patent/US11066669B2/en,"Target transcript levels were quantified using FAM labeled TaqMan assays from Thermo Fisher Scientific in a multiplex reaction with a VIC labelled GUSB control. TaqMan primer assays for the target transcript of interest ATXN2 (Hs01002833_m1(FAM-MGB)), and a house keeping gene GUSB (4326320E VIC-MGB probe). ... ATXN2 mRNA levels are normalized to GUSB and shown as % of control (PBS treated cells).","Read from family grant US11066669B2 (Google Patents full text); the US20200056179A1 Google Patents page truncates before Examples. RT-qPCR multiplex TaqMan, FAM target / VIC GUSB housekeeping normalizer. NOT an Ionis total-RNA/RiboGreen assay - this assignee uses GUSB housekeeping normalization."
US20190241896A1,DNM2,A431,3160,total RNA,total_RNA_ribogreen,RT-qPCR,no,high,uspto_image_pdf_ocr,https://image-ppubs.uspto.gov/dirsearch-public/print/downloadPdf/10865414,"A431 cells ... were treated with ... modified oligonucleotide ... DNM2 mRNA levels were measured by quantitative real-time PCR. Human primer probe set RTS36027 ... was used to measure mRNA levels. DNM2 mRNA levels were normalized to total RNA content, as measured by RIBOGREEN(R).","Ionis Pharmaceuticals patent. Verbatim quote read from USPTO image PDF of grant US10865414B2 (Example 1, p.43), since Google Patents page truncates before Examples. Quantitative real-time RT-PCR, primer probe set RTS36027, normalized to total RNA via RiboGreen. Standard Ionis assay; ACTB not used."
US20200392494A1,SNCA,SH-SY5Y,3090,total RNA,total_RNA_ribogreen,RT-qPCR,no,high,google_patents_html_grep,https://patentimages.storage.googleapis.com/6c/0a/8f/1b4502a280ef52/US20200392494A1.pdf,"SNCA mRNA levels were measured by quantitative real-time PCR. Human primer probe set RTS2621 ... was used to measure mRNA levels. SNCA mRNA levels were adjusted according to total RNA content, as measured by RIBOGREEN. Results are presented in the tables below as percent reduction of the amount of SNCA mRNA, relative to untreated control cells (these conditions describe a ""Standard Cell Assay"").","Ionis Pharmaceuticals patent. Standard Cell Assay: cultured SH-SY5Y cells, electroporation. RT-qPCR primer-probe set RTS2621. Quantified vs untreated control, normalized to total RNA (RiboGreen). No housekeeping gene used as normalizer."
US20230055405A1,APP,SH-SY5Y/A431,3023,total RNA,total_RNA_ribogreen,RT-qPCR,no,high,uspto_image_pdf_ocr,https://patents.google.com/patent/US12384814B2/en,"APP RNA levels were measured as previously described using the human APP primer-probe set RTS35572 ... APP RNA levels were normalized to total RNA, as measured by RIBOGREEN.","Ionis Pharmaceuticals patent. Application PDF (US20230055405A1) is a scanned/image-only PDF with no text layer and no local OCR tool available; quote and confirmation taken from the granted patent of the SAME application family: US12384814B2 (application 17/387,727, published as US20230055405A1). Real-time RT-PCR (primer-probe set RTS35572), SH-SY5Y cells via electroporation, normalized to total RNA (RiboGreen). No housekeeping gene normalizer."
US20220177893A1,KCNT1,SH-SY5Y,2958,total RNA,total_RNA_ribogreen,RT-qPCR,no,high,google_patents_html_grep,https://patentimages.storage.googleapis.com/7f/b6/c8/07886238885c54/US20220177893A1.pdf,"RNA was isolated from the cells and KCNT1 RNA levels were measured by quantitative real-time RTPCR. Human KCNT1 primer probe set RTS39508 ... and human KCNT1 primer probe set RTS39496 ... KCNT1 RNA levels were normalized to total RNA content, as measured by RIBOGREEN. Reduction of KCNT1 RNA is presented ... as percent KCNT1 RNA levels relative to untreated control (UTC) cells.","Ionis Pharmaceuticals patent. Cultured SH-SY5Y (neuroblastoma) cells, electroporation. Quantitative real-time RT-PCR using primer-probe sets RTS39508 and RTS39496. Normalized to total RNA (RiboGreen), vs untreated control. No housekeeping gene used as normalizer."
US20220064637A1,ATXN3,A431,2935,total RNA,total_RNA_ribogreen,RT-qPCR,no,high,google_patents_html_grep,https://patentimages.storage.googleapis.com/91/24/44/fd4a64b5a4470e/US20220064637A1.pdf,"RNA was isolated from the cells and ATXN3 RNA levels were measured by quantitative real-time PCR. Human primer probe set RTS38920 ... was used to measure RNA levels. ATXN3 RNA levels were adjusted according to total RNA content, as measured by RiboGreen. Results are presented in the table below as percent ATXN3 RNA levels relative to untreated control cells.","Ionis Pharmaceuticals patent. Cultured A431 cells, electroporation. Quantitative real-time RT-PCR using primer-probe set RTS38920. Normalized to total RNA (RiboGreen), vs untreated control. No housekeeping gene used as normalizer."
US20190160090A1,AGT,HepG2,2871,total RNA,total_RNA_ribogreen,RT-qPCR,no,high,google_patents_html_grep,https://patents.google.com/patent/US20190160090A1/en,"AGT mRNA levels were adjusted according to total RNA content, as measured by RIBOGREEN®. Results are presented as percent inhibition of AGT, relative to untreated control","Ionis. Real-time PCR, primer-probe sets RTS3721/RTS4039. Cyclophilin A mentioned only in the generic methods boilerplate ('using either ... cyclophilin A, or by quantifying total RNA using RIBOGREEN'); the AGT assay results use RIBOGREEN total RNA."
US20210277397A1,UBE3A,iCell GABANeurons,2848,total RNA,total_RNA_ribogreen,RT-qPCR,no,high,google_patents_html_grep,https://patents.google.com/patent/US20210277397A1/en,"UBE3A-ATS RNA levels were normalized to total RNA content, as measured by RIBOGREEN®. Reduction of UBE3A-ATS RNA is presented in the tables below as percent UBE3A-ATS RNA amount relative to untreated control","Ionis. Target is UBE3A-ATS. In-vitro iCell GABANeurons assay (primer-probe RTS4796/RTS35984/RTS40595) uses RIBOGREEN total RNA. GAPDH (RTS108) appears only for MOUSE in-vivo studies ('normalized to mouse GAPDH'), not the assigned neuron cell line."
US20190076465A1,SMAD7,Hep3B,2819,total RNA,total_RNA_ribogreen,RT-qPCR,no,high,google_patents_html_grep,https://patents.google.com/patent/US20190076465A1/en,"SMAD7 mRNA levels were adjusted according to total RNA content, as measured by RIBOGREEN®. Results are presented as percent inhibition of SMAD7 mRNA expression, relative to untreated control cells.","Ionis. Hep3B in-vitro assay (primer-probe RTS5062) uses RIBOGREEN total RNA. Housekeeping genes GAPDH and HPRT1 (HTS7555) are used only for MOUSE in-vivo tissue Smad7, not the human Hep3B cell line."
US20200277604A1,MALAT1,A431/HepG2,2797,total RNA,total_RNA_ribogreen,RT-qPCR,no,high,google_patents_html_grep,https://patents.google.com/patent/US20200277604A1/en,"MALAT1 RNA levels were normalized to total RNA content, as measured by RIBOGREEN®. Results are presented in the tables below as percent control of the amount of MALAT1 RNA relative to untreated control cells (% UTC).","Ionis. Primary A-431 and HepG2 assays (primer-probe RTS2736/RTS2738) use RIBOGREEN total RNA. b-actin (HTS5002) normalization appears only for a separate MDA-MB-436 free-uptake dose study, NOT the assigned A431/HepG2 cell lines."
US20160145617A1,MAPT,SH-SY5Y,2758,total RNA,total_RNA_ribogreen,RT-qPCR,no,high,google_patents_html_grep,https://patents.google.com/patent/US20160145617A1/en,"Tau mRNA levels were adjusted according to total RNA content, as measured by RIBOGREEN®. Results are presented as percent inhibition of tau, relative to untreated control","Ionis. MAPT/tau, primer-probe RTS3104. Real-time PCR normalized to RIBOGREEN total RNA. Cyclophilin A mentioned only in generic methods boilerplate, not used for the tau results."
US20210038629A1,GFAP,U251,2704,total RNA,total_RNA_ribogreen,RT-qPCR,no,high,google_patents_html_grep,https://patents.google.com/patent/US20210038629A1/en,"After a treatment period of approximately 48 hours, total RNA was isolated from the cells and GFAP RNA levels were measured by quantitative real-time RTPCR. Human GFAP primer probe set RTS37485, described in Example 1 above, was used to measure RNA levels. GFAP RNA levels were normalized to total RNA content, as measured by RIBOGREEN(R). Results are presented in the tables below as percent GFAP RNA levels relative to untreated control cells.","Ionis Pharmaceuticals patent. Verbatim quote from Google Patents full text (Examples section present). Primary in-vitro screen (U251/A431) uses quantitative real-time RT-PCR with primer probe set RTS37485 (also RTS38621/RTS38622/RTS38624 in other tables), normalized to total RNA via RiboGreen; results as % of untreated control. SURPRISE: one alternate in-vitro normalization block normalizes GFAP to GAPDH (primer probe set RTS104) and mouse in-vivo studies normalize to cyclophilin A (PPIA), but these are not the basis for the bulk A431/U251 screening data. ACTB not used."
US20220025366A1,PRNP,A-431/A431,2621,total RNA,total_RNA_ribogreen,RT-qPCR,no,high,google_patents_html_grep,https://patents.google.com/patent/US20220025366A1/en,"After a treatment period of approximately 48 hours, total RNA was isolated from the cells and PRNP RNA levels were measured by quantitative real-time RTPCR, using primer probe set RTS42354, as described in Example 1. PRNP RNA levels were normalized using RIBOGREEN(R). Results are presented in the tables below are normalized to PRNP RNA levels in untreated control cells (UTC).","Ionis Pharmaceuticals patent. Verbatim quote from Google Patents full text. In-vitro A-431 screen uses quantitative real-time RT-PCR with primer probe sets RTS42354/RTS42356/RTS42359, normalized via RiboGreen; results as % UTC. Mouse in-vivo studies normalize to cyclophilin A (m_cyclo24) but that is not the in-vitro screening basis. ACTB not used."
US20190359981A1,APOL1,A431,2614,total RNA,total_RNA_ribogreen,RT-qPCR,no,high,google_patents_html_grep,https://patents.google.com/patent/US20190359981A1/en,"Cultured A431 cells at a density of 10,000 cells per well were transfected by free uptake with 4,000 nM antisense oligonucleotide. After a treatment period of approximately 24 hours, RNA was isolated from the cells and APOL1 mRNA levels were measured by quantitative real-time PCR. Human primer probe set RTS35962 ... was used to measure mRNA levels. APOL1 mRNA levels were adjusted according to total RNA content, as measured by RIBOGREEN(R). Results are presented as percent inhibition of APOL1, relative to untreated control cells.","Ionis Pharmaceuticals patent. Verbatim quote from Google Patents full text. A431 in-vitro screen: quantitative real-time RT-PCR, primer probe set RTS35962 (also RTS35787), APOL1 mRNA adjusted according to total RNA content via RiboGreen; results as % inhibition relative to untreated control. No GAPDH/cyclophilin/ACTB normalization present. ACTB not used."
US20250188476A1,IFNAR1,A431,2553,total RNA,total_RNA_ribogreen,RT-qPCR,no,high,google_patents_html_grep,https://patents.google.com/patent/US20250188476A1/en,"IFNAR1 RNA levels were measured by human IFNAR1 primer probe set RTS44352 ... IFNAR1 RNA levels were normalized to total RNA content, as measured by RIBOGREEN(R). Reduction of IFNAR1 RNA is presented in the tables below as percent IFNAR1 RNA relative to the amount in untreated control cells (% UTC).","Ionis Pharmaceuticals patent. Verbatim quote from Google Patents full text. A431 in-vitro screen: quantitative real-time RT-PCR, primer probe set RTS44352, normalized to total RNA via RiboGreen; results as % UTC. No housekeeping-gene normalization present. ACTB not used."
US20230357770A1,APOE,Hep3B/HepG2,2544,total RNA,total_RNA_ribogreen,RT-qPCR,no,high,google_patents_html_grep,https://patents.google.com/patent/US20230357770A1/en,"After a treatment period of approximately 24 hours, total RNA was isolated from the cells and APOE RNA levels were measured by quantitative real-time RTPCR. APOE RNA levels were measured by human primer-probe set RTS3073 ... APOE RNA levels were normalized to total RNA content, as measured by RIBOGREEN(R). Results are presented in the tables below as percent APOE RNA relative to untreated control cells (% UTC).","Ionis Pharmaceuticals patent. Verbatim quote from Google Patents full text. In-vitro screen (Hep3B/HepG2) uses quantitative real-time RT-PCR with primer-probe set RTS3073 (also RTS36365/RTS4652), normalized to total RNA via RiboGreen; results as % UTC. Mouse in-vivo studies normalize to cyclophilin A (m_cyclo24) but that is not the in-vitro screening basis. ACTB not used."
US20140336237A1,STAT3,HuVEC,2522,total RNA,total_RNA_ribogreen,RT-qPCR,no,high,google_patents_html_grep,https://patents.google.com/patent/US20140336237A1/en,"Gapmers ... exhibiting significant in vitro inhibition of STAT3 were tested at various doses in HuVEC cells. ... RNA was isolated from the cells and STAT3 mRNA levels were measured by quantitative real-time PCR. Human STAT3 primer probe set RTS199 ... was used to measure mRNA levels. STAT3 mRNA levels were adjusted according to total RNA content, as measured by RIBOGREEN(R). Results are presented as percent inhibition of STAT3, relative to untreated control cells.","Isis/Ionis-style patent. The assigned HuVEC in-vitro screens (primer-probe RTS199) are normalized to total RNA by RiboGreen throughout. Exceptions are NOT in HuVEC: in-vivo mouse tumor xenograft studies measure murine STAT3 (mSTAT3_LTS00664) 'normalized to cyclophilin', and some in-vivo tissue data are 'adjusted according to content of beta-actin' -- neither applies to the HuVEC cell-line rows."
US20180273577A1,KRAS,A431/Hep3B,2504,total RNA,total_RNA_ribogreen,RT-qPCR,yes,high,google_patents_html_grep,https://patents.google.com/patent/US20180273577A1/en,"Cultured A431 cells ... RNA was isolated from the cells and K-Ras mRNA levels were measured by quantitative real-time PCR. Human primer probe set RTS3496_MGB ... was used to measure mRNA levels. K-Ras mRNA levels were adjusted according to total RNA content, as measured by RIBOGREEN(R). Results are presented as percent inhibition of K-Ras, relative to untreated control cells.","Ionis-style patent. Predominant in-vitro normalization in A431 (RTS3496_MGB) and Hep3B/HepG2 (RTS132/RTS246) is total RNA by RiboGreen (22+ 'adjusted according to total RNA' blocks). EXCEPTION: a minority of A431 dose-response blocks state 'K-Ras mRNA levels were normalized to beta-actin mRNA levels' (and one block 'normalized to beta-actin mRNA levels or RIBOGREEN'), so beta-actin (ACTB) is used in some in-vitro A431 experiments -> used_actb=yes. In-vivo tumor-tissue and 3D-colony assays use GAPDH/18S/beta-actin, but those are not the assigned cell-line rows. Hep3B blocks specifically use RiboGreen/total RNA."
US20240026353A1,SCN2A,SH-SY5Y,2496,total RNA / GAPDH (mixed),total_RNA_ribogreen,RT-qPCR,no,high,google_patents_html_grep,https://patents.google.com/patent/US20240026353A1/en,"Cultured SH-SY5Y cells ... were treated using electroporation ... SCN2A RNA levels were measured by quantitative real-time RTPCR. Human SCN2A primer-probe set RTS36041 ... was used to measure RNA levels. SCN2A RNA levels were normalized to total RNA content, as measured by RIBOGREEN(R). [other SH-SY5Y blocks:] SCN2A RNA levels were normalized to total RNA content, as measured by GAPDH. Levels of GAPDH were measured using human primer probe set RTS104 ...","MIXED in-vitro normalizer within the SAME SH-SY5Y cell line. SCN2A measured by SCN2A primer-probe RTS36041; results as % control. Across the SH-SY5Y experiment blocks the normalization basis is split ~50/50: 4 blocks normalized to total RNA via RIBOGREEN, and 4 blocks normalized to GAPDH (housekeeping gene, primer-probe RTS104). (A third scheme, 'normalized to mouse GAPDH RNA', applies only to in-vivo transgenic-mouse data, not SH-SY5Y.) Chose total_RNA_ribogreen as the primary basis since RiboGreen blocks tie GAPDH blocks; this is a genuine GAPDH-housekeeping exception flagged for downstream awareness."
US20240191232A1,PLN,iCell cardiomyocytes,2490,total RNA,total_RNA_ribogreen,RT-qPCR,no,high,google_patents_html_grep,https://patents.google.com/patent/US20240191232A1/en,"Cultured iCell(R) cardiomyocytes 2 ... were treated by electroporation ... total RNA was isolated from the cells, and PLN RNA levels were measured ... PLN RNA levels were normalized to total RNA content, as measured by RIBOGREEN(R). Reduction of PLN RNA is presented in the tables below as percent PLN RNA, relative to untreated control cells (% UTC).","Ionis-style patent. All iCell cardiomyocytes 2 (FujiFilm Cellular Dynamics R1017) in-vitro tables (% UTC; primer-probe RTS40402) are normalized to total RNA by RiboGreen, under both electroporation and free-uptake. EXCEPTION is NOT in iCell: the in-vivo transgenic-mouse heart tables (TaqMan Hs00160179_m1) are 'normalized to GAPDH' (and some 'normalized to Ribogreen'), but those are mouse-tissue rows, not the assigned iCell cardiomyocyte cell line. Despite the PLN/cardiomyocyte free-uptake caveat, the verified basis for the cell-line data is RiboGreen/total RNA."
US20210180057A1,SCNN1A,Hep3B,2474,total RNA,total_RNA_ribogreen,RT-qPCR,no,high,google_patents_html_grep,https://patents.google.com/patent/US20210180057A1/en,"Cultured Hep3B cells ... were transfected using electroporation ... Human primer probe set hSCNN1A_LTS01170 ... was used to measure mRNA levels. alpha-ENaC mRNA levels were normalized to total RNA content, as measured by RIBOGREEN(R). Results are presented in the tables below as normalized alpha-ENaC mRNA level, relative to untreated control cells (these conditions describe a 'Standard Cell Assay').","Ionis-style patent; target SCNN1A = alpha-ENaC. The assigned Hep3B in-vitro 'Standard Cell Assay' data (primer-probe hSCNN1A_LTS01170) is normalized to total RNA by RiboGreen. EXCEPTION is NOT in Hep3B: a single ALI (air-liquid-interface) primary-airway transwell experiment (PneumaCult-ALI medium, 6 weeks post seeding, basolateral free uptake) states 'alpha-ENaC mRNA levels were normalized to cyclophilin A' (primer-probe HTS3936) -- a differentiated-cell free-uptake block, not the Hep3B screen rows."
US20210139906A1,SPDEF,VCaP,2429,total RNA (RIBOGREEN),total_RNA_ribogreen,RT-qPCR,no,high,google_patents_html_grep,https://patents.google.com/patent/US20210139906A1/en,"VCaP cells ... were treated with 4 uM modified oligonucleotide by electroporation. ... SPDEF RNA levels were measured by quantitative real-time RTPCR. Human primer probe set RTS35007 was used to measure RNA levels. SPDEF RNA levels were adjusted according to total RNA content, as measured by RIBOGREEN(R).","Cell-line assay (VCaP, RTS35007/RTS35575) normalized to total RNA via RIBOGREEN. Cyclophilin A (HTS3936) is used separately for in-vivo mouse studies, not the cell-line knockdown data."
US20200140869A1,PNPLA3,A431,2377,total RNA (RIBOGREEN),total_RNA_ribogreen,RT-qPCR,no,high,google_patents_html_grep,https://patents.google.com/patent/US20200140869A1/en,"PNPLA3 mRNA levels were adjusted according to total RNA content, as measured by RIBOGREEN(R). Results are presented as percent inhibition of PNPLA3, relative to untreated control cells.",Human primer probe sets RTS36070/RTS36075. No housekeeping-gene normalization; total RNA via RIBOGREEN.
US20170073689A1,GHR,Hep3B,2293,total RNA (RIBOGREEN),total_RNA_ribogreen,RT-qPCR,no,high,google_patents_html_grep,https://patents.google.com/patent/US20170073689A1/en,"GHR mRNA levels were adjusted according to total RNA content, as measured by RIBOGREEN(R). Results are presented as percent inhibition of GHR, relative to untreated control cells.",Human primer probe set RTS3437. Total RNA via RIBOGREEN; no housekeeping gene.
US20220056445A1,PLP1,SK-MEL-28,2193,total RNA (RIBOGREEN),total_RNA_ribogreen,RT-qPCR,no,high,google_patents_html_grep,https://patents.google.com/patent/US20220056445A1/en,"SK-MEL-28 cells were treated with modified oligonucleotide ... by electroporation ... PLP1 RNA levels were normalized to total RNA content, as measured by RIBOGREEN(R).","Cell-line assay (SK-MEL-28, RTS35092) normalized to total RNA via RIBOGREEN. Mouse GAPDH (mGapdh_LTS00102) appears only for in-vivo PBS-control mouse studies; 'human GAPDH' appears only in the boilerplate chemical-description term list (not an assay)."
US20250177433A1,DMPK,A431,2152,total RNA (RIBOGREEN),total_RNA_ribogreen,RT-qPCR,no,high,google_patents_html_grep,https://patents.google.com/patent/US20250177433A1/en,"DMPK RNA levels were normalized to total RNA content, as measured by RIBOGREEN(R). Results are presented as percent of DMPK RNA, relative to untreated control cells (% UTC).","Cell-line assay (A431, RTS38095/RTS38096) normalized to total RNA via RIBOGREEN. Mouse GAPDH (mGapdh_LTS00102) is used only for in-vivo mouse studies normalized to PBS control, not the A431 cell-line data."
US20210155935A1,EZH2,HepG2/A431,1941,none (total RNA),total_RNA_ribogreen,RT-qPCR,no,high,google_patents_html_grep,https://patents.google.com/patent/US20210155935A1/en,"EZH2 mRNA levels were measured by quantitative real-time PCR. Human EZH2 primer probe set RTS1986 ... was used to measure mRNA levels. EZH2 mRNA levels were adjusted according to total RNA content, as measured by RiboGreen®.",Ionis. In-vitro EZH2 assays (probe sets RTS1985/RTS1986) all normalized to total RNA via RiboGreen. No GAPDH/cyclophilin/ACTB anywhere.
US20170002359A1,KLKB1,HepaRG,1937,none (total RNA),total_RNA_ribogreen,RT-qPCR,no,high,google_patents_html_grep,https://patents.google.com/patent/US20170002359A1/en,"in cultured HepaRG™ cells ... measured by quantitative real-time PCR using human primer probe set RTS3454 and adjusted according to total RNA content, as measured by RIBOGREEN®.","Ionis (PKK/KLKB1). In-vitro HepaRG assays (RTS3454) normalized to total RNA via RIBOGREEN. Cyclophilin A appears only as boilerplate alternative and in one in-vivo mouse liver study (Table 51, normalized to housekeeping gene Cyclophilin); not the HepaRG dataset. 'actin' is only patent-classification text."
US20160222389A1,CFB,HepG2,1879,none (total RNA),total_RNA_ribogreen,RT-qPCR,no,high,google_patents_html_grep,https://patents.google.com/patent/US20160222389A1/en,"Cultured HepG2 cells ... CFB mRNA levels were measured by quantitative real-time PCR. Human primer probe set RTS3459 was used to measure mRNA levels. CFB mRNA levels were adjusted according to total RNA content, as measured by RIBOGREEN®.","Ionis. In-vitro HepG2 assays (RTS3459) normalized to total RNA via RIBOGREEN. Cyclophilin (housekeeping gene Cyclophilin/Cyclophilin A) appears only in in-vivo hCFB mouse liver studies (Tables 75 etc.), where results were dual-normalized to RIBOGREEN and Cyclophilin; not the HepG2 dataset."
US20200208147A1,IRF5,THP-1,1851,none (total RNA),total_RNA_ribogreen,RT-qPCR,no,high,google_patents_html_grep,https://patents.google.com/patent/US20200208147A1/en,"Cultured THP-1 cells ... IRF5 RNA levels were measured ... using the human IRF5 primer-probe set HTS4167. IRF5 RNA levels were adjusted according to total RNA content, as measured by RIBOGREEN®.","Ionis/Ohio State. SURPRISE: patent does contain GAPDH and ACTB/beta-actin, but ONLY for non-THP-1 contexts. GAPDH (probe RTS104, target probe RTS37490) is used in Example 10 for A-431 and SH-SY5Y cells; GAPDH+ACTB dual-normalization is used in the in-vivo KARPAS-229 xenograft (Table 55) and in-vivo transgenic mouse (mouse GAPDH). All THP-1 in-vitro assays (Examples 1 and 3) normalize to total RNA via RIBOGREEN. So for the THP-1 dataset the basis is total_RNA_ribogreen."
US20150031747A1,F7,Hep3B,1832,none (total RNA),total_RNA_ribogreen,RT-qPCR,no,high,google_patents_html_grep,https://patents.google.com/patent/US20150031747A1/en,"Cultured Hep3B cells ... Factor VII mRNA levels were measured by quantitative real-time PCR. Human primer probe set RTS2927 ... was used to measure mRNA levels. Factor VII mRNA levels were adjusted according to total RNA content, as measured by RIBOGREEN®.","Ionis (Factor VII). In-vitro Hep3B assays (RTS2927) normalized to total RNA via RIBOGREEN. GAPDH appears only in an in-vivo cynomolgus monkey liver study (Table 38, dual-normalized RTS2927/Ribogreen and RTS2927/GAPDH); cyclophilin A only in boilerplate methods alternative. Not the Hep3B dataset."
US20160251655A1,C9orf72,HepG2,1690,total RNA (RIBOGREEN),total_RNA_ribogreen,RT-qPCR,no,high,google_patents_html_grep,https://patents.google.com/patent/US20160251655A1/en,"C9ORF72 mRNA levels were adjusted according to total RNA content, as measured by RIBOGREEN(R). Results are presented as percent inhibition of C9ORF72, relative to untreated control cells.","Ionis. Real-time RT-PCR with TAQ-man primer-probe set RTS3750 (total transcript) / RTS pre-mRNA set. Methods section also notes cyclophilin A as an alternative normalizer, but the cell-line knockdown data are normalized to total RNA via RIBOGREEN."
US20170037410A1,SOD1,HepG2,1638,total RNA (RIBOGREEN),total_RNA_ribogreen,RT-qPCR,no,high,google_patents_html_grep,https://patents.google.com/patent/US20170037410A1/en,"SOD-1 mRNA levels were adjusted according to total RNA content, as measured by RIBOGREEN(R). Results are presented as percent inhibition of SOD-1, relative to untreated control cells.","Ionis. Real-time RT-PCR with named primer-probe set (SEQ ID NO:14/15 primers, NO:16 probe). Methods section also lists cyclophilin A as an alternative, but the data are normalized to total RNA via RIBOGREEN."
US20180311365A1,PCSK9,HepG2,1577,total RNA (RIBOGREEN),total_RNA_ribogreen,RT-qPCR,no,high,google_patents_html_grep,https://patents.google.com/patent/US20180311365A1/en,"Human PCSK9 primer probe set from ABI (ID# Hs03037355_m1) was used to measure mRNA levels. PCSK9 mRNA levels were adjusted according to total RNA content, as measured by RIBOGREEN(R). Results are presented as percent inhibition of PCSK9, relative to untreated control cells.",Ionis. Real-time RT-PCR with ABI TaqMan primer-probe set Hs03037355_m1. Normalized to total RNA via RIBOGREEN.
US20240336915A1,DUX4,54-2,1110,total RNA (RIBOGREEN),total_RNA_ribogreen,RT-qPCR,no,high,google_patents_html_grep,https://patents.google.com/patent/US20240336915A1/en,"DUX4 RNA levels were normalized to total RNA content, as measured by RIBOGREEN(R). Reduction of DUX4 RNA is presented in the tables below as percent DUX4 RNA relative to the amount of DUX4 RNA in untreated control cells (% UTC).","Ionis. 54-2 = immortalized FSHD myoblast line (Resnick et al. 2019). In-vitro 54-2 cell data normalized to total RNA via RIBOGREEN (primer-probe set RTS3502). SEPARATE in-vivo mouse xenograft study normalizes to mouse GAPDH (mGapdh_LTS00102, % control) - that is NOT the 54-2 cell-line data."
US20230124616A1,KCNQ2,SH-SY5Y,1007,total RNA (RIBOGREEN),total_RNA_ribogreen,RT-qPCR,no,high,google_patents_html_grep,https://patents.google.com/patent/US20230124616A1/en,"KCNQ2 RNA levels were normalized to total RNA content, as measured by RIBOGREEN(R). Results are presented in the tables below as percent KCNQ2 RNA levels relative to untreated control cells (% control).","Ionis. Real-time RT-PCR with named primer-probe set (SEQ ID NO:11/12 primers, NO:13 probe). SH-SY5Y cells, normalized to total RNA via RIBOGREEN."
US20160304877A1,DMPK,HepG2/hSKMc,864,total RNA,total_RNA_ribogreen,RT-qPCR,no,high,google_patents_html_grep,https://patents.google.com/patent/US20160304877A1/en,"DMPK RNA transcript levels were adjusted according to total RNA content, as measured by RIBOGREEN®.",Classic Ionis. Boilerplate offers cyclophilin A as generic alternative but all data tables use RIBOGREEN total-RNA normalization; real-time PCR with primer-probe sets RTS3164/RTS4447.
US20100144834A1,PCSK9,HepB3/A549,758,total RNA,total_RNA_ribogreen,RT-qPCR,no,high,google_patents_html_grep,https://patents.google.com/patent/US20100144834A1/en,PCSK9 mRNA levels were adjusted according to total RNA content as measured by RIBOGREEN®.,SURPRISE vs CLAUDE.md hint: this 2010 patent does NOT use bDNA/QuantiGene; it uses real-time RT-PCR + RIBOGREEN total-RNA normalization (no bDNA/branched-DNA/QuantiGene/Invader anywhere). Boilerplate names GAPDH as generic alternative; one in-vivo mouse block normalized to 'G3PDH mRNA levels and/or RIBOGREEN'. No ACTB.
US20160068845A1,DMPK,hSKMc/hSKM,608,total RNA,total_RNA_ribogreen,RT-qPCR,no,high,google_patents_html_grep,https://patents.google.com/patent/US20160068845A1/en,"DMPK mRNA transcript levels were normalized to total RNA content, as measured by RIBOGREEN®.","Classic Ionis; RT-PCR with RTS3162/RTS3164. 'Alpha1 actin' appears but as a co-MEASURED target (itself normalized to RIBOGREEN), not a normalizer -> used_actb=no."
US20220380773A1,APP,SH-SY5Y,526,total RNA,total_RNA_ribogreen,RT-qPCR,no,high,google_patents_html_grep,https://patents.google.com/patent/US20220380773A1/en,"APP RNA levels were normalized to total RNA content, as measured by RIBOGREEN®.","Classic Ionis; real-time RTPCR, primer-probe set RTS35571."
US20240279654A1,PTBP1,A431,468,total RNA,total_RNA_ribogreen,RT-qPCR,no,high,google_patents_html_grep,https://patents.google.com/patent/US20240279654A1/en,"PTBP1 RNA levels were noralized to total RNA content, as measured by RIBOGREEN®.","Classic Ionis; real-time RTPCR, primer-probe set RTS54047. ('noralized' is an OCR typo for 'normalized' in source full text.)"
US20220243203A1,FUS,A-431,465,total RNA,total_RNA_ribogreen,RT-qPCR,no,high,google_patents_html_grep,https://patents.google.com/patent/US20220243203A1/en,"FUS RNA levels were normalized to total RNA content, as measured by RIBOGREEN(R).","Human FUS primer probe set RTS38562. A-431 dose-response: 'FUS levels were adjusted according to total RNA content, as measured by RIBOGREEN'. No housekeeping gene used for the in-vitro readout."
US20050009088A1,APOB,HepG2,462,total RNA (RiboGreen) or GAPDH,total_RNA_ribogreen,RT-qPCR,no,medium,google_patents_html_grep,https://patents.google.com/patent/US20050009088A1/en,"Gene target quantities obtained by real time RT-PCR are normalized using either the expression level of GAPDH, a gene whose expression is constant, or by quantifying total RNA using RiboGreen(TM).",NOT bDNA/QuantiGene as CLAUDE.md speculated for this old 2005 patent; HepG2 in-vitro data are quantitative real-time RT-PCR ('analyzed for their effect on human apolipoprotein B mRNA levels in HepG2 cells by quantitative real-time PCR'). Boilerplate gives either/or (GAPDH or RiboGreen total-RNA); tables reported as normalized to untreated control. A separate Northern-blot method states 'Data was normalized to GAPDH'. Basis recorded as total_RNA_ribogreen per Ionis default but GAPDH is an explicitly allowed alternative.
US20100234447A1,GCGR,HepG2,458,total RNA (RiboGreen) or GAPDH,total_RNA_ribogreen,RT-qPCR,no,medium,google_patents_html_grep,https://patents.google.com/patent/US20100234447A1/en,"Gene target quantities obtained by RT, real-time PCR were normalized using either the expression level of GAPDH, a gene whose expression is constant, or by quantifying total RNA using RIBOGREEN(R).",HepG2 in-vitro uses the either/or boilerplate (GAPDH or RIBOGREEN total RNA). Explicit RIBOGREEN total-RNA statement is given for in-vivo mouse liver ('liver glucagon receptor mRNA was measured (normalized to total RNA in the same samples using Ribogreen)'). A Northern-blot method elsewhere normalizes to GAPDH. Basis recorded as total_RNA_ribogreen per Ionis default; GAPDH is an explicit alternative.
US20100069472A1,HTT,A549,390,total RNA (RIBOGREEN) or GAPDH,total_RNA_ribogreen,RT-qPCR,no,medium,google_patents_html_grep,https://patents.google.com/patent/US20100069472A1/en,"Gene target quantities obtained by RT, real-time PCR were normalized using either the expression level of GAPDH, a gene whose expression is constant, or by quantifying total RNA using RIBOGREEN(R).","A549 huntingtin mRNA measured 'by quantitative real-time PCR as described in other examples herein', reported as percent inhibition relative to untreated cells. Methods (Example 2) give the standard either/or normalizer with no A549-specific override; sequence listing is RTS0838. Basis recorded as total_RNA_ribogreen per Ionis default; GAPDH is an explicit allowed alternative."
US20240360453A1,LRRK2,SH-SY5Y,379,total RNA,total_RNA_ribogreen,RT-qPCR,no,high,google_patents_html_grep,https://patents.google.com/patent/US20240360453A1/en,"LRRK2 RNA levels were adjusted according to total RNA content, as measured by RIBOGREEN(R). Results are presented in the table below as percent LRRK2 RNA levels relative to untreated control cells.","In-vitro (incl. SH-SY5Y) uses RIBOGREEN total-RNA with primer probe sets RTS3132/RTS3133/RTS3146/RTS3043. SURPRISE: cyclophilin A is used as the normalizer ONLY for in-vivo transgenic-mouse spinal cord ('normalized with cyclophilin A', primer set hLRRK2 LTS35700) -- not for the SH-SY5Y in-vitro data assigned here."
US20130281509A1,FGFR4,HepG2,317,total RNA (RIBOGREEN),total_RNA_ribogreen,RT-qPCR,no,high,google_patents_html_grep,https://patents.google.com/patent/US20130281509A1/en,"FGFR4 mRNA levels were adjusted according to total RNA content, as measured by RIBOGREEN®. Results are presented as percent inhibition of FGFR4, relative to untreated control cells.","Ionis pattern. Quantitative real-time PCR with primer-probe set RTS3232 (also RTS1325). Generic methods boilerplate offers cyclophilin A as an alternative normalizer, but the per-experiment in-vitro screening text explicitly uses total RNA via RIBOGREEN."
US20110160283A1,CD40,T24,315,total RNA (RIBOGREEN),total_RNA_ribogreen,RT-qPCR,no,high,google_patents_html_grep,https://patents.google.com/patent/US20110160283A1/en,"CD40 mRNA levels were adjusted according to total RNA content as measured by normalization to RIBOGREEN®. Results are presented as percent inhibition of CD40, relative to untreated control cells","Ionis pattern. Quantitative real-time PCR. Generic methods boilerplate lists GAPDH (housekeeping) as an alternative, but the actual in-vitro assay text normalizes to total RNA via RIBOGREEN. Treatment 150 nM ASO, ~24h."
US20190247420A1,ATXN3,HepG2,312,total RNA (RIBOGREEN),total_RNA_ribogreen,RT-qPCR,no,high,google_patents_html_grep,https://patents.google.com/patent/US20190247420A1/en,"ATXN3 mRNA levels were adjusted according to total RNA content, as measured by RIBOGREEN®. Results are presented as percent reduction of the amount of ATXN3 mRNA, relative to untreated control cells",Ionis pattern. Real-time PCR with primer-probe set RTS4392. Newer patent (2019) but same total-RNA/RIBOGREEN normalization. No housekeeping gene used for the screening tables.
US20150259679A1,C9orf72,HepG2,312,total RNA (RIBOGREEN),total_RNA_ribogreen,RT-qPCR,no,high,google_patents_html_grep,https://patents.google.com/patent/US20150259679A1/en,"C9ORF72 mRNA levels were adjusted according to total RNA content, as measured by RIBOGREEN®. Results are presented as percent inhibition of C9ORF72, relative to untreated control cells.",Ionis pattern. Quantitative real-time PCR with primer-probe sets RTS3750/RTS3905/RTS4097. Generic methods boilerplate offers cyclophilin A as alternative; in-vitro assay uses total RNA via RIBOGREEN.
US20120214862A1,F7,HepB3,311,total RNA (RIBOGREEN),total_RNA_ribogreen,RT-qPCR,no,high,google_patents_html_grep,https://patents.google.com/patent/US20120214862A1/en,"Factor 7 mRNA levels were adjusted according to total RNA content as measured by RIBOGREEN®. Results are presented as percent inhibition of Factor 7, relative to untreated control cells.","Ionis pattern. Real-time RT-PCR; HepB3 (Hep3B) cells, 50 nM ASO via lipofectin, ~24h. Generic methods boilerplate lists cyclophilin A and GAPDH as alternatives, but in-vitro assay normalizes to total RNA via RIBOGREEN."
US20180036335A1,MECP2,HepG2,302,total RNA (RiboGreen),total_RNA_ribogreen,RT-qPCR,no,high,google_patents_html_grep,https://patents.google.com/patent/US20180036335A1/en,"MECP2 mRNA levels were adjusted according to total RNA content, as measured by RIBOGREEN®.",Ionis. HepG2 primary screen (RTS4253) normalized to total RNA via RIBOGREEN. GAPDH appears only for in-vivo mouse western-blot protein normalization; cyclophilin A only in generic general-methods boilerplate (either/or). Neither applies to the HepG2 mRNA data.
US20170335322A1,COMP,HepG2,291,total RNA (RiboGreen),total_RNA_ribogreen,RT-qPCR,no,high,google_patents_html_grep,https://patents.google.com/patent/US20170335322A1/en,"COMP mRNA transcript levels were adjusted according to total RNA content, as measured by RIBOGREEN®.","Ionis. Real-time RT-PCR, primer-probe set RTS4252. Normalized to total RNA via RIBOGREEN."
US20100298417A1,F7,HepB3,273,total RNA (RiboGreen),total_RNA_ribogreen,RT-qPCR,no,high,google_patents_html_grep,https://patents.google.com/patent/US20100298417A1/en,Factor 7 mRNA levels were adjusted according to total RNA content as measured by RIBOGREEN®.,"Ionis/Isis. HepB3 in-vitro screen by real-time RT-PCR. Normalized to total RNA via RIBOGREEN. GAPDH/cyclophilin mentions are alternatives in other (in-vivo/general-methods) sections, not the HepB3 data."
US20130190384A1,F11,HepG2,271,total RNA (RiboGreen),total_RNA_ribogreen,RT-qPCR,no,high,google_patents_html_grep,https://patents.google.com/patent/US20130190384A1/en,"Factor 11 mRNA levels were adjusted according to total RNA content, as measured by RIBOGREEN.","Ionis/Isis. HepG2 in-vitro screen by quantitative real time PCR. Normalized to total RNA via RIBOGREEN. Cyclophilin mentions tied to in-vivo sections, not the HepG2 data."
US20140107180A1,AR,HuVEC,234,total RNA (RiboGreen),total_RNA_ribogreen,RT-qPCR,no,high,google_patents_html_grep,https://patents.google.com/patent/US20140107180A1/en,"AR mRNA levels were adjusted according to total RNA content, as measured by RIBOGREEN®.","Ionis. HuVEC primary screen, quantitative real-time PCR with primer-probe set RTS3559. Normalized to total RNA via RIBOGREEN. GAPDH used only as housekeeping gene for protein (western blot) normalization in prostate cell lines (LNCaP/C4-2/VCaP), not for the HuVEC mRNA data."
US20110230544A1,CRP,Hep3B,211,GAPDH or total RNA (RiboGreen),unknown,RT-qPCR,no,medium,google_patents_html_grep,https://patents.google.com/patent/US20110230544A1/en,"Gene target quantities obtained by real-time PCR are normalized using either the expression level of GAPDH, a gene whose expression is constant, or by quantifying total RNA using RiboGreen reagent (Molecular Probes, Inc. Eugene, Oreg.).","Isis. CRP mRNA in cytokine-induced Hep3B by quantitative real-time PCR (Table 1+, % relative to untreated control). The qPCR data tables are governed only by the generic either/or boilerplate (GAPDH OR total RNA/RiboGreen); no per-table statement picks one. The explicit 'Data was normalized to GAPDH levels' applies ONLY to the Northern-blot example (PHOSPHORIMAGER, Example 14), not the qPCR tables. Basis left unknown; Isis default is total RNA via RiboGreen."
US20120283312A1,EIF4E,A549,188,GAPDH or total RNA (RiboGreen),unknown,RT-qPCR,no,medium,google_patents_html_grep,https://patents.google.com/patent/US20120283312A1/en,"Gene target quantities obtained by real time RT-PCR are normalized using either the expression level of GAPDH, a gene whose expression is constant, or by quantifying total RNA using RiboGreen (Molecular Probes, Inc. Eugene, Oreg.).","Isis. eIF4E mRNA in A549 by quantitative real-time PCR (Table 1+, averages of three experiments, % relative to untreated control). Only the generic either/or boilerplate applies to the qPCR tables. 'Data are normalized to GAPDH levels' is the Northern-blot example only (PHOSPHORIMAGER, Example 15). Basis unknown; Isis default is total RNA via RiboGreen."
US20060025373A1,NR3C1,HepG2,187,GAPDH or total RNA (RiboGreen),unknown,RT-qPCR,no,medium,google_patents_html_grep,https://patents.google.com/patent/US20060025373A1/en,"Gene target quantities obtained by real time RT-PCR are normalized using either the expression level of GAPDH, a gene whose expression is constant, or by quantifying total RNA using RiboGreen (Molecular Probes, Inc. Eugene, Oreg.).","Isis. Glucocorticoid receptor (NR3C1) mRNA quantitated by real-time quantitative PCR ('presently preferred'). qPCR data tables governed by the generic either/or boilerplate only. 'Data was normalized to GAPDH levels' is the Northern-blot example (PHOSPHORIMAGER, Example 12). Basis unknown; Isis default is total RNA via RiboGreen."
US20050043256A1,SCD,HepG2,160,GAPDH or total RNA (RiboGreen),unknown,RT-qPCR,no,medium,google_patents_html_grep,https://patents.google.com/patent/US20050043256A1/en,"Gene target quantities obtained by real time RT-PCR are normalized using either the expression level of GAPDH, a gene whose expression is constant, or by quantifying total RNA using RiboGreen reagent (Molecular Probes, Inc. Eugene, OR).","Isis. Stearoyl-CoA desaturase (SCD) mRNA in HepG2 by quantitative real-time PCR (Table 1, % relative to control); mouse SCD assayed in b.END. qPCR tables governed by generic either/or boilerplate only. 'Data was normalized to GAPDH levels' is the Northern-blot example (PHOSPHORIMAGER, Example 15). Basis unknown; Isis default is total RNA via RiboGreen."
US20170175114A1,ATXN2,HepG2,156,total RNA (RiboGreen),total_RNA_ribogreen,RT-qPCR,no,high,google_patents_html_grep,https://patents.google.com/patent/US20170175114A1/en,"Ataxin 2 mRNA levels were adjusted according to total RNA content, as measured by RIBOGREEN(R). Results are presented as percent inhibition of ataxin 2, relative to untreated control cells.","Ionis. Example 1 in-vitro screen, primer-probe set RTS3642, mRNA adjusted to total RNA via RIBOGREEN explicitly (newer Ionis patent style, definitive statement). Cyclophilin A appears only in the generic either/or general-methods boilerplate, NOT applied to the data. Clear high-confidence total RNA / RiboGreen."
US20050101013A1,STAT5A/STAT5B,T-24,156,GAPDH or total RNA (RiboGreen),unknown,RT-qPCR,no,medium,google_patents_html_grep,https://patents.google.com/patent/US20050101013A1/en,"Gene target quantities obtained by real time RT-PCR are normalized using either the expression level of GAPDH, a gene whose expression is constant, or by quantifying total RNA using RiboGreen (Molecular Probes, Inc. Eugene, Oreg.).","Isis. STAT5A/STAT5B mRNA in T-24 bladder carcinoma by quantitative real-time PCR (averages of two experiments, % relative to control). qPCR tables governed by generic either/or boilerplate only; no Northern-blot GAPDH statement detected for the data tables. Basis unknown; Isis default is total RNA via RiboGreen."
US20090082302A1,EIF4EBP2,A549,156,total_RNA,total_RNA_ribogreen,RT-qPCR,no,medium,google_patents_html_grep,https://patents.google.com/patent/US20090082302A1/en,"Gene target quantities obtained by real-time PCR are normalized using either the expression level of GAPDH, a gene whose expression is constant, or by quantifying total RNA using RiboGreen (Molecular Probes, Inc. Eugene, Oreg.).","Standard Ionis in-vitro RT-qPCR assay (A549, 75 nM). Boilerplate offers GAPDH OR total-RNA/RiboGreen; no table-level statement picks one for the A549 screen, but in-vivo liver study explicitly uses RiboGreen and GAPDH hits are Northern/western loading controls (probe normalized to GAPDH levels) -> total RNA via RiboGreen is the real basis. No ACTB."
US20100240738A1,KIF11,T-24,156,total_RNA,total_RNA_ribogreen,RT-qPCR,no,medium,google_patents_html_grep,https://patents.google.com/patent/US20100240738A1/en,"Gene target quantities obtained by real time RT-PCR are normalized using either the expression level of GAPDH, a gene whose expression is constant, or by quantifying total RNA using RiboGreen (Molecular Probes, Inc. Eugene, Oreg.).","Standard Ionis in-vitro RT-qPCR (T-24). GAPDH appears only in the either/or boilerplate, in the Northern-blot RNA example ('Data was normalized to GAPDH levels'), and in western-blot PROTEIN loading controls ('protein levels...normalized to GAPDH/G3PDH') -> decoys. Cross-cell-line RNA comparison normalized to T47D, not GAPDH. In-vitro screen basis = total RNA via RiboGreen. No ACTB."
US20100113573A1,ARNT,T-24,156,total_RNA,total_RNA_ribogreen,RT-qPCR,no,high,google_patents_html_grep,https://patents.google.com/patent/US20100113573A1/en,The level of mRNA for each gene was normalized to the amount of total RNA determined by Ribogreen (Molecular Probes).,"ARNT=HIF1-beta. Beyond the either/or boilerplate, the patent explicitly ties its actual RT-qPCR result tables (Hep3B, U87-MG functional readouts) to total RNA via RiboGreen, confirming the real normalizer. GAPDH hits are western/Northern loading controls -> decoys. High confidence: total RNA via RiboGreen. No ACTB."
US20110136889A1,ACACB/ACACA,A549,156,total_RNA,total_RNA_ribogreen,RT-qPCR,no,medium,google_patents_html_grep,https://patents.google.com/patent/US20110136889A1/en,"Gene target quantities obtained by RT, real-time PCR were normalized using either the expression level of GAPDH, a gene whose expression is constant, or by quantifying total RNA using RiboGreen (Molecular Probes, Inc. Eugene, Oreg.).","ACC1/ACC2. Standard Ionis in-vitro RT-qPCR (A549, 70 nM, LIPOFECTIN). Either/or boilerplate present; in-vivo mouse liver/fat target quantitation explicitly performed 'using RIBOGREEN as described by other examples herein', supporting total-RNA/RiboGreen as the operative basis. No table-level GAPDH attribution. No ACTB."
US20100324122A1,SLC5A2,HK-2,156,total_RNA,total_RNA_ribogreen,RT-qPCR,no,medium,google_patents_html_grep,https://patents.google.com/patent/US20100324122A1/en,"Gene target quantities obtained by real time RT-PCR are normalized using either the expression level of GAPDH, a gene whose expression is constant, or by quantifying total RNA using RiboGreen (Molecular Probes, Inc. Eugene, Oreg.).","SLC5A2=SGLT2. In-vitro HK-2 screen (500 nM, LIPOFECTIN) uses standard either/or boilerplate. The 33 cyclophilin hits are ALL in-vivo MOUSE/RAT kidney studies ('PCR results were normalized to cyclophilin...percent change relative to saline treated animals') -> in-vivo only, decoy for the in-vitro HK-2 rows. GAPDH hits are Northern/western loading controls. In-vitro basis = total RNA via RiboGreen. No ACTB."
US20110112171A1,PTPRU,A549,155,total_RNA,total_RNA_ribogreen,RT-qPCR,no,medium,google_patents_html_grep,https://patents.google.com/patent/US20110112171A1/en,"Gene target quantities obtained by RT, real-time PCR were normalized using either the expression level of GAPDH, a gene whose expression is constant, or by quantifying total RNA using RiboGreen (Molecular Probes, Inc. Eugene, Oreg.).","Standard Ionis in-vitro RT-qPCR (A549, 50 nM, LIPOFECTIN; dose-response Tables 4-7). Either/or boilerplate; dose-response tables expressed as percent inhibition relative to untreated control. In-vivo mouse liver target quantitation explicitly 'performed using RIBOGREEN', supporting total-RNA/RiboGreen as operative basis. No ACTB."
US20130190382A1,CCN2,(unknown),155,total RNA,total_RNA_ribogreen,RT-qPCR,no,high,google_patents_html_grep,https://patents.google.com/patent/US20130190382A1/en,CTGF message was measured by quantitative real time polymerase chain reaction (RT-PCR) (Primer/Probe sets shown below) and the results were normalized to total RNA.,"Isis/CTGF patent. In-vitro cell-culture screen (primary keratinocyte/dermal cells, 96-well, lipofectamine) explicitly normalized to total RNA. Generic boilerplate also offers cyclophilin A or total RNA via RIBOGREEN; the actual in-vitro result statement uses total RNA. No ACTB."
US20130217749A1,PCK2,T-24,141,total RNA,total_RNA_ribogreen,RT-qPCR,no,high,google_patents_html_grep,https://patents.google.com/patent/US20130217749A1/en,"PEPCK-M RNA transcript levels were adjusted according to total RNA content, as measured by RIBOGREEN. Results are presented as percent inhibition of PEPCK-M, relative to untreated control cells.","Ionis/PEPCK-M patent. Example 1 = Antisense Inhibition of human PEPCK-M in T-24 cells (electroporation, RTS133). Boilerplate offers GAPDH/cyclophilin/total RNA but the T-24 in-vitro result is adjusted to total RNA via RIBOGREEN. No ACTB."
US20110054003A1,STAT3,A549,141,total RNA,total_RNA_ribogreen,RT-qPCR,no,high,google_patents_html_grep,https://patents.google.com/patent/US20110054003A1/en,"Gene target quantities obtained by real time RT-PCR are normalized by quantifying total RNA using RiboGreen (Molecular Probes, Inc. Eugene, Oreg.).","Ionis/STAT3 patent. STAT3 mRNA measured in A549 (human lung carcinoma) by real-time PCR (PPS 199), normalized via total RNA RiboGreen. bDNA keyword hits were false positives ('branched hydrocarbyl'). No ACTB."
US20140357856A1,RAF1,A549,140,total RNA,total_RNA_ribogreen,RT-qPCR,no,medium,google_patents_html_grep,https://patents.google.com/patent/US20140357856A1/en,"Total RNA is quantified using RiboGreen RNA quantification reagent (Molecular Probes, Inc. Eugene, Oreg.). ... 170 uL of RiboGreen working reagent ... is pipetted into a 96-well plate containing 30 uL purified, cellular RNA. The plate is read in a CytoFluor 4000.","Isis/C-raf patent. In-vitro C-raf assays in A549 measured by quantitative real-time PCR, reported as percent inhibition relative to untreated control. Boilerplate offers GAPDH/cyclophilin/total RNA but only the RiboGreen total-RNA protocol is described in detail (no GAPDH primer-probe given), so total RNA is the actual in-vitro normalizer. GAPDH=13 hits are decoys: Northern-blot loading control ('normalized to GAPDH levels in untreated controls') + multiplexing methodology + boilerplate. Confidence medium because the A549 qPCR statement does not name the normalizer verbatim. No ACTB."
US20070161589A1,CD40,(unknown),136,GAPDH,housekeeping_gene,RT-qPCR,no,medium,google_patents_html_grep,https://patents.google.com/patent/US20070161589A1/en,"To normalize for variations in loading and transfer efficiency membranes were stripped and probed for glyceraldehyde-3-phosphate dehydrogenase (G3PDH) RNA (Clontech, Palo Alto, Calif.). ... Data was normalized to G3PDH levels in untreated controls.",Isis/CD40 patent (2007). SURPRISE: no RIBOGREEN anywhere in this patent. Primary mRNA quantitation is real-time PCR (preferred) but its exact normalizer is not stated verbatim; the only explicit normalization statement is G3PDH (=GAPDH) for the corroborating Northern blot. In-vitro screen cells T-24/A549 (standard Isis lines). Marked housekeeping_gene/GAPDH at medium confidence because GAPDH is the only documented normalizer and total-RNA basis is absent. used_actb=no.
US20140256797A1,TTR,HepG2,130,total RNA,total_RNA_ribogreen,RT-qPCR,no,high,google_patents_html_grep,https://patents.google.com/patent/US20140256797A1/en,"transthyretin mRNA levels were measured by quantitative real-time PCR. ... Transthyretin mRNA levels were adjusted according to total RNA content, as measured by RIBOGREEN. Results are presented as percent inhibition of transthyretin, relative to untreated control cells.","Ionis/TTR patent. All HepG2 in-vitro examples (RTS1396/RTS3029, lipofectin & electroporation) adjusted to total RNA content via RIBOGREEN (24 occurrences). One stray 'normalized to cyclophilin' is a decoy. No ACTB."
US20160032285A1,MAPT,A172,126,total_RNA,total_RNA_ribogreen,RT-qPCR,no,high,google_patents_html_grep,https://patents.google.com/patent/US20160032285A1/en,"Tau exon 10 mRNA levels were adjusted according to total RNA content, as measured by RIBOGREEN. Results are presented as percent of Tau exon 10 mRNA expression, relative to untreated control levels and is denoted as “% UTC.”",Ionis. In-vitro RT-qPCR screen normalized to total RNA via RIBOGREEN. GAPDH appears only as a DECOY in an in-vivo mouse experiment (ratio of 4R isoform to total Tau normalized to mouse GAPDH); not the in-vitro normalizer.
US20040006031A1,HMGCR,HepG2,125,total_RNA,total_RNA_ribogreen,RT-qPCR,no,medium,google_patents_html_grep,https://patents.google.com/patent/US20040006031A1/en,"Gene target quantities obtained by real time RT-PCR are normalized using either the expression level of GAPDH, a gene whose expression is constant, or by quantifying total RNA using RiboGreen (Molecular Probes, Inc. Eugene, Oreg.).","Early Isis (2004) real-time RT-PCR family. Primary high-throughput screen uses the standard 'either GAPDH or total RNA via RiboGreen' boilerplate without a per-result statement -> total RNA via RiboGreen per Isis default. The explicit 'Data was normalized to GAPDH levels' applies ONLY to a separate Northern-blot confirmatory assay (hybridized membranes, PHOSPHORIMAGER/IMAGEQUANT), not the qPCR inhibition screen. Medium confidence due to GAPDH/total-RNA ambiguity in the screen boilerplate."
US20130116301A1,GCGR,HepG2,116,total_RNA,total_RNA_ribogreen,RT-qPCR,no,high,google_patents_html_grep,https://patents.google.com/patent/US20130116301A1/en,"GCGR mRNA levels were adjusted according to total RNA content, as measured by RIBOGREEN. Results are presented as percent inhibition of GCGR, relative to untreated control cells.",Ionis. In-vitro HepG2 RT-qPCR screen normalized to total RNA via RIBOGREEN. Cyclophilin A appears only in boilerplate and in an in-vivo cynomolgus monkey liver table (normalized to PBS control); not the in-vitro normalizer.
US20090156526A1,LMNA,A549,115,total_RNA,total_RNA_ribogreen,RT-qPCR,no,medium,google_patents_html_grep,https://patents.google.com/patent/US20090156526A1/en,"Gene target quantities obtained by RT, real-time PCR were normalized using either the expression level of GAPDH, a gene whose expression is constant, or by quantifying total RNA using RiboGreen (Molecular Probes, Inc. Eugene, Oreg.).","Isis. A549 in-vitro RT-qPCR screen; results 'expressed as percent inhibition relative to untreated control'. Only the generic 'either GAPDH or total RNA via RiboGreen' boilerplate is given (no per-result disambiguation), no separate Northern assay -> total RNA via RiboGreen per Isis default. Medium confidence due to boilerplate GAPDH/total-RNA ambiguity."
US20180105817A1,TMPRSS6,Hep3B,110,total_RNA,total_RNA_ribogreen,RT-qPCR,no,high,google_patents_html_grep,https://patents.google.com/patent/US20180105817A1/en,"TMPRSS6 mRNA levels were adjusted according to total RNA content, as measured by RIBOGREEN. Results are presented as percent inhibition of TMPRSS6, relative to untreated control cells.",Ionis. In-vitro Hep3B RT-qPCR screen normalized to total RNA via RIBOGREEN. Cyclophilin A appears only in boilerplate and in-vivo mouse studies (mRNA normalized with cyclophilin A housekeeping gene in mouse); not the in-vitro normalizer.
US20070020679A1,HIF1A/EPAS1,A549,109,total_RNA,total_RNA_ribogreen,RT-qPCR,no,medium,google_patents_html_grep,https://patents.google.com/patent/US20070020679A1/en,"Gene target quantities obtained by real time RT-PCR are normalized using either the expression level of GAPDH, a gene whose expression is constant, or by quantifying total RNA using RiboGreen (Molecular Probes, Inc. Eugene, Oreg.).","Isis. A549 in-vitro RT-qPCR screen, results 'percent inhibition relative to control oligonucleotide'. Primary screen uses standard 'either GAPDH or total RNA via RiboGreen' boilerplate -> total RNA via RiboGreen per Isis default. The 'Data was normalized to GAPDH levels' statement applies ONLY to a separate Northern-blot confirmatory assay (hybridized membranes, PHOSPHORIMAGER), not the qPCR screen. Medium confidence due to GAPDH/total-RNA boilerplate ambiguity."
US20110166065A1,SLC37A4,HepG2,96,GAPDH or total RNA (RiboGreen),unknown,RT-qPCR,no,low,google_patents_html_grep,https://patents.google.com/patent/US20110166065A1/en,"Gene target quantities obtained by RT, real-time PCR were normalized using either the expression level of GAPDH, a gene whose expression is constant, or by quantifying total RNA using RiboGreen(TM) (Molecular Probes, Inc. Eugene, Oreg.).","Isis/Ionis. SLC37A4 (G6PT) HepG2 in-vitro screen (Table 11, 'percent inhibition') by RT real-time PCR. The methods section gives the classic Isis either/or boilerplate (GAPDH OR total RNA via RIBOGREEN) with no statement of which produced the HepG2 tables, so the in-vitro normalizer is genuinely ambiguous. GAPDH described as multiplexed internal standard. No ACTB. 'RTS' grep hits are false positives from chemical InChI strings, not RTS#### probe sets. GAPDH 'normalized to' phrasing elsewhere ties to in-vivo mouse / Northern data, not the HepG2 screen."
US20040208856A1,APOC3,HepG2,91,GAPDH or total RNA (RiboGreen),unknown,RT-qPCR,no,low,google_patents_html_grep,https://patents.google.com/patent/US20040208856A1/en,"Gene target quantities obtained by real time RT-PCR are normalized using either the expression level of GAPDH, a gene whose expression is constant, or by quantifying total RNA using RiboGreen(TM) (Molecular Probes, Inc. Eugene, Oreg.).","Isis. APOC3 HepG2 screen (Table 1): 'compounds were analyzed for their effect on human apolipoprotein C-III mRNA levels by quantitative real-time PCR ... Data are averages from three experiments in which HepG2 cells were treated'. Methods give the either/or GAPDH-or-RIBOGREEN boilerplate with no resolution -> ambiguous in-vitro normalizer. GAPDH is the multiplexed internal standard. The 'Data was normalized to GAPDH levels in untreated controls' sentence belongs to the Northern-blot example (PhosphorImager/ImageQuant), not the RT-PCR screen table. No ACTB."
US20090124009A1,PTPN1,A549,82,GAPDH,housekeeping_gene,RT-qPCR,no,medium,google_patents_html_grep,https://patents.google.com/patent/US20090124009A1/en,both the target gene and the internal standard gene GAPDH are amplified concurrently in a single sample. ... For human GAPDH the PCR primers were: forward primer: GAAGGTGAAGGTCGGAGTC (SEQ ID NO: 7) reverse primer: GAAGATGGTGATGGGATTTC (SEQ ID NO: 8) and the PCR probe was: 5' JOE-CAAGCTTCCCGTTCTCAGCC-TAMRA 3' (SEQ ID NO: 9),Isis. PTP1B (PTPN1) screen (Table 1): quantitative real-time PCR. NO RIBOGREEN / no total-RNA option anywhere in this patent; the RT-PCR method names GAPDH as the internal standard gene and provides a dedicated GAPDH (JOE) primer/probe set multiplexed with the target. Hence in-vitro normalizer = GAPDH (housekeeping). The separate 'Data was normalized to GAPDH levels in untreated controls' Northern-blot sentence is consistent. No ACTB. GAPDH is the genuine normalizer here (an ACTB/total-RNA alternative).
US20020147164A1,CYTH1,unknown,80,GAPDH,housekeeping_gene,RT-qPCR,no,medium,google_patents_html_grep,https://patents.google.com/patent/US20020147164A1/en,both the target gene and the internal standard gene GAPDH are amplified concurrently in a single sample. ... PCR primers were: forward primer: GAAGGTGAAGGTCGGAGTC (SEQ ID NO: 7) reverse primer: GAAGATGGTGATGGGATTTC (SEQ ID NO: 8) and the PCR probe was: 5' JOE-CAAGCTTCCCGTTCTCAGCC-TAMRA 3' (SEQ ID NO: 9),"Isis. Cytohesin-1 (CYTH1) screen by TaqMan real-time RT-PCR (ABI PRISM 7700). NO RIBOGREEN / no total-RNA option in this patent; method explicitly names GAPDH as the internal standard gene amplified concurrently, with a dedicated GAPDH (JOE) primer/probe set. In-vitro normalizer = GAPDH (housekeeping). Not bDNA/QuantiGene (instructions guessed bDNA, but no QuantiGene/bDNA text present). No ACTB. Cell line not stated for the in-vitro screen in this patent."
US20020147165A1,CALR,unknown,80,GAPDH,housekeeping_gene,RT-qPCR,no,medium,google_patents_html_grep,https://patents.google.com/patent/US20020147165A1/en,both the target gene and the internal standard gene GAPDH are amplified concurrently in a single sample. ... PCR primers were: forward primer: GAAGGTGAAGGTCGGAGTC (SEQ ID NO: 7) reverse primer: GAAGATGGTGATGGGATTTC (SEQ ID NO: 8) and the PCR probe was: 5' JOE-CAAGCTTCCCGTTCTCAGCC-TAMRA 3' (SEQ ID NO: 9),Isis. Calreticulin (CALR) screen by TaqMan real-time RT-PCR (ABI PRISM 7700). NO RIBOGREEN / no total-RNA option; method names GAPDH as the internal standard gene amplified concurrently with a dedicated GAPDH (JOE) primer/probe set. In-vitro normalizer = GAPDH (housekeeping). Not bDNA/QuantiGene. No ACTB. Cell line not stated for the in-vitro screen.
US20030105044A1,MMP1,unknown,80,GAPDH or total RNA (RiboGreen),unknown,RT-qPCR,no,low,google_patents_html_grep,https://patents.google.com/patent/US20030105044A1/en,"Gene target quantities obtained by real time RT-PCR are normalized using either the expression level of GAPDH, a gene whose expression is constant, or by quantifying total RNA using RiboGreen(TM) (Molecular Probes, Inc. Eugene, Oreg.).","Isis. MMP1 screen (Table 1): 'compounds were analyzed for their effect on human matrix metalloproteinase 1 mRNA levels by quantitative real-time PCR'. Methods give the either/or GAPDH-or-RIBOGREEN boilerplate with no statement of which produced the table -> ambiguous in-vitro normalizer. GAPDH is the multiplexed internal standard. The 'normalized to GAPDH levels in untreated controls' sentence is for the Northern-blot example, not the RT-PCR screen. No ACTB. 'RTS' grep hits are false positives (InChI strings)."
US20020147166A1,TLN1,(unknown),80,GAPDH,housekeeping_gene,RT-qPCR,no,high,google_patents_html_grep,https://patents.google.com/patent/US20020147166A1/en,"Prior to quantitative PCR analysis, primer-probe sets specific to the target gene being measured are evaluated for their ability to be ""multiplexed"" with a GAPDH amplification reaction. In multiplexing, both the target gene and the internal standard gene GAPDH are amplified concurrently in a single sample. ... Data was normalized to GAPDH levels in untreated controls.","Early Isis/Ionis patent (Talin/TLN1). Real-time quantitative PCR on ABI PRISM 7700. The primary high-throughput screen uses GAPDH (human GAPDH primer-probe: fwd GAAGGTGAAGGTCGGAGTC / rev GAAGATGGTGATGGGATTTC, JOE-CAAGCTTCCCGTTCTCAGCC-TAMRA) as the multiplexed internal standard; Northern blot validation also normalized to GAPDH. NO RIBOGREEN anywhere (predates Ionis RiboGreen era). 'total RNA' hits are only the Northern-blot RNA-prep step (20 ug total RNA on agarose gel), not a normalization basis. 'actin' hits are decoys (actinomycin D, actin filaments in Talin biology). used_actb=no."
US20220243205A1,MALAT1,A431,80,total RNA,total_RNA_ribogreen,RT-qPCR,no,high,google_patents_html_grep,https://patents.google.com/patent/US20220243205A1/en,"Cultured A431 cells ... MALAT1 RNA levels were measured as previously described using the Human MALAT1 primer-probe set RTS2736. MALAT1 RNA levels were normalized to total RNA content, as measured by RIBOGREEN(R). Results are presented in the tables below as percent control of the amount of MALAT1 RNA relative to untreated control cells (% UTC).","Modern Ionis patent. All assigned A431 in-vitro tables (% UTC; primer-probe RTS2736/RTS2738) normalize to total RNA via RIBOGREEN (13 total-RNA blocks, all mapping to A-431/A431 or HepG2). EXCEPTION is NOT in A431: 4 'MALAT1 RNA levels were normalized to b-actin, measured using human primer-probe set HTS5002' blocks all occur in MDA-MB-436 cells (a different cell line), so b-actin/ACTB does not apply to the assigned A431 rows -> used_actb=no for this cell line (real ACTB normalizer exists in the patent but only for MDA-MB-436). assay_method RT-qPCR."
US20030220282A1,PTPN1,(unknown),80,GAPDH,housekeeping_gene,RT-qPCR,no,high,google_patents_html_grep,https://patents.google.com/patent/US20030220282A1/en,"In multiplexing, both the target gene and the internal standard gene GAPDH are amplified concurrently in a single sample. ... For human GAPDH the PCR primers were: forward primer GAAGGTGAAGGTCGGAGTC (SEQ ID NO: 7) reverse primer GAAGATGGTGATGGGATTTC (SEQ ID NO: 8) ... Data was normalized to GAPDH levels in untreated controls.",Early Isis/Ionis patent (PTP1B/PTPN1). Real-time quantitative PCR; primary in-vitro screen normalized to multiplexed internal-standard GAPDH; Northern blot validation also normalized to GAPDH. NO RIBOGREEN (predates RiboGreen era). 'total RNA' hits are Northern-blot RNA prep only. In-vivo mouse studies normalize RNA 'expressed as a percentage of saline treated control' (not a different normalizer gene for the cell rows). 'actin' = decoys (actinomycin/integrin biology). used_actb=no.
US20050143335A1,BIRC5,(unknown),79,GAPDH,housekeeping_gene,RT-qPCR,no,high,google_patents_html_grep,https://patents.google.com/patent/US20050143335A1/en,Quantitation of Survivin mRNA levels was determined by real-time quantitative PCR using the ABI PRISM 7700 Sequence Detection System ... For human GAPDH the PCR primers were: forward primer: GAAGGTGAAGGTCGGAGTC (SEQ ID NO: 7) reverse primer: GAAGATGGTGATGGGATTTC (SEQ ID NO: 8) ... membranes were stripped and probed for human glyceraldehyde-3-phosphate dehydrogenase (GAPDH) RNA ... Data was normalized to GAPDH levels in untreated controls.,Early Isis/Ionis patent (Survivin/BIRC5). Same standard Isis methodology: real-time quantitative PCR with multiplexed internal-standard GAPDH (human GAPDH primer-probe SEQ ID 7/8/9) for the primary screen; Northern blot normalized to GAPDH. NO RIBOGREEN (predates RiboGreen era). 'total RNA' = Northern-blot RNA-prep step only. 'actin' = decoys (actinomycin D in chemo-agent lists). used_actb=no.
US20190367916A1,C9orf72,HepG2,79,total RNA,total_RNA_ribogreen,RT-qPCR,no,high,google_patents_html_grep,https://patents.google.com/patent/US20190367916A1/en,"Cultured HepG2 cells ... RNA was isolated from the cells and C9ORF72 mRNA levels were measured by quantitative real-time PCR. Human C9ORF72 primer probe set RTS3750 was used to measure total C9ORF72 mRNA levels. ... C9ORF72 mRNA levels were adjusted according to total RNA content, as measured by RIBOGREEN(R). Results are presented as percent inhibition of C9ORF72.","Modern Ionis patent. All 12 HepG2 result-normalization blocks (primer-probe RTS3750 exon-2 total transcript / RTS3905 pathogenic repeat variant) 'adjusted according to total RNA content, as measured by RIBOGREEN'. Cyclophilin A appears ONLY in generic methods boilerplate ('normalized using either ... cyclophilin A, or by quantifying total RNA using RIBOGREEN') -> decoy, not the actual basis for the C9orf72 data. used_actb=no."
US20040110147A1,ACTL6A (BAF53),A549,78,"GAPDH or total RNA (either/or, unresolved)",unknown,RT-qPCR,no,medium,google_patents_html_grep,https://patents.google.com/patent/US20040110147A1/en,"Gene target quantities obtained by real time RT-PCR are normalized using either the expression level of GAPDH, a gene whose expression is constant, or by quantifying total RNA using RiboGreenTM (Molecular Probes, Inc.","Early-2000s Isis ASO family. Main dose-response/screening Tables come from quantitative real-time RT-PCR; patent states RT-PCR data normalized using EITHER GAPDH OR total RNA via RiboGreen, without committing to one (genuine boilerplate ambiguity, so basis=unknown). A separate set of Northern-blot examples (PHOSPHORIMAGER/IMAGEQUANT) is explicitly 'normalized to GAPDH levels in untreated controls'. No bDNA/QuantiGene. beta-actin/GAPDH otherwise only as decoy/boilerplate. ACTB NOT used as normalizer."
US20030235910A1,LGR5 (GPR49),HepG2,78,"GAPDH or total RNA (either/or, unresolved)",unknown,RT-qPCR,no,medium,google_patents_html_grep,https://patents.google.com/patent/US20030235910A1/en,"Gene target quantities obtained by real time RT-PCR are normalized using either the expression level of GAPDH, a gene whose expression is constant, or by quantifying total RNA using RiboGreenTM (Molecular Probes, Inc.","Early-2000s Isis ASO family. Main dose-response/screening Tables come from quantitative real-time RT-PCR; patent states RT-PCR data normalized using EITHER GAPDH OR total RNA via RiboGreen, without committing to one (genuine boilerplate ambiguity, so basis=unknown). A separate set of Northern-blot examples (PHOSPHORIMAGER/IMAGEQUANT) is explicitly 'normalized to GAPDH levels in untreated controls'. No bDNA/QuantiGene. beta-actin/GAPDH otherwise only as decoy/boilerplate. ACTB NOT used as normalizer."
US20040115649A1,ABCC5,HepG2,78,"GAPDH or total RNA (either/or, unresolved)",unknown,RT-qPCR,no,medium,google_patents_html_grep,https://patents.google.com/patent/US20040115649A1/en,"Gene target quantities obtained by real time RT-PCR are normalized using either the expression level of GAPDH, a gene whose expression is constant, or by quantifying total RNA using RiboGreenTM (Molecular Probes, Inc.","Early-2000s Isis ASO family. Main dose-response/screening Tables come from quantitative real-time RT-PCR; patent states RT-PCR data normalized using EITHER GAPDH OR total RNA via RiboGreen, without committing to one (genuine boilerplate ambiguity, so basis=unknown). A separate set of Northern-blot examples (PHOSPHORIMAGER/IMAGEQUANT) is explicitly 'normalized to GAPDH levels in untreated controls'. No bDNA/QuantiGene. beta-actin/GAPDH otherwise only as decoy/boilerplate. ACTB NOT used as normalizer."
US20030078219A1,FGFR2,unknown,78,"GAPDH or total RNA (either/or, unresolved)",unknown,RT-qPCR,no,medium,google_patents_html_grep,https://patents.google.com/patent/US20030078219A1/en,"Gene target quantities obtained by real time RT-PCR are normalized using either the expression level of GAPDH, a gene whose expression is constant, or by quantifying total RNA using RiboGreenTM (Molecular Probes, Inc.","Early-2000s Isis ASO family. Main dose-response/screening Tables come from quantitative real-time RT-PCR; patent states RT-PCR data normalized using EITHER GAPDH OR total RNA via RiboGreen, without committing to one (genuine boilerplate ambiguity, so basis=unknown). A separate set of Northern-blot examples (PHOSPHORIMAGER/IMAGEQUANT) is explicitly 'normalized to GAPDH levels in untreated controls'. No bDNA/QuantiGene. beta-actin/GAPDH otherwise only as decoy/boilerplate. ACTB NOT used as normalizer."
US20030064944A1,TGFBR2,unknown,77,"GAPDH or total RNA (either/or, unresolved)",unknown,RT-qPCR,no,medium,google_patents_html_grep,https://patents.google.com/patent/US20030064944A1/en,"Gene target quantities obtained by real time RT-PCR are normalized using either the expression level of GAPDH, a gene whose expression is constant, or by quantifying total RNA using RiboGreenTM (Molecular Probes, Inc.","Early-2000s Isis ASO family. Main dose-response/screening Tables come from quantitative real-time RT-PCR; patent states RT-PCR data normalized using EITHER GAPDH OR total RNA via RiboGreen, without committing to one (genuine boilerplate ambiguity, so basis=unknown). A separate set of Northern-blot examples (PHOSPHORIMAGER/IMAGEQUANT) is explicitly 'normalized to GAPDH levels in untreated controls'. No bDNA/QuantiGene. beta-actin/GAPDH otherwise only as decoy/boilerplate. ACTB NOT used as normalizer."
US20040029272A1,PLIN1 (perilipin),3T3-L1 (differentiated),73,"GAPDH or total RNA (either/or, unresolved)",unknown,RT-qPCR,no,medium,google_patents_html_grep,https://patents.google.com/patent/US20040029272A1/en,"Gene target quantities obtained by real time RT-PCR are normalized using either the expression level of GAPDH, a gene whose expression is constant, or by quantifying total RNA using RiboGreenTM (Molecular Probes, Inc.","Early-2000s Isis ASO family. Main dose-response/screening Tables come from quantitative real-time RT-PCR; patent states RT-PCR data normalized using EITHER GAPDH OR total RNA via RiboGreen, without committing to one (genuine boilerplate ambiguity, so basis=unknown). A separate set of Northern-blot examples (PHOSPHORIMAGER/IMAGEQUANT) is explicitly 'normalized to GAPDH levels in untreated controls'. No bDNA/QuantiGene. beta-actin/GAPDH otherwise only as decoy/boilerplate. ACTB NOT used as normalizer."
US20040110146A1,LY86 (MD-1/RP105-associated),THP-1,37,"GAPDH or total RNA (either/or, unresolved)",unknown,RT-qPCR,no,medium,google_patents_html_grep,https://patents.google.com/patent/US20040110146A1/en,"Gene target quantities obtained by real time RT-PCR are normalized using either the expression level of GAPDH, a gene whose expression is constant, or by quantifying total RNA using RiboGreenTM (Molecular Probes, Inc.","Early-2000s Isis ASO family. Main dose-response/screening Tables come from quantitative real-time RT-PCR; patent states RT-PCR data normalized using EITHER GAPDH OR total RNA via RiboGreen, without committing to one (genuine boilerplate ambiguity, so basis=unknown). A separate set of Northern-blot examples (PHOSPHORIMAGER/IMAGEQUANT) is explicitly 'normalized to GAPDH levels in untreated controls'. No bDNA/QuantiGene. beta-actin/GAPDH otherwise only as decoy/boilerplate. ACTB NOT used as normalizer."
US20030232440A1,STAT1,A549,37,"GAPDH or total RNA (either/or, unresolved)",unknown,RT-qPCR,no,medium,google_patents_html_grep,https://patents.google.com/patent/US20030232440A1/en,"Gene target quantities obtained by real time RT-PCR are normalized using either the expression level of GAPDH, a gene whose expression is constant, or by quantifying total RNA using RiboGreenTM (Molecular Probes, Inc.","Early-2000s Isis ASO family. Main dose-response/screening Tables come from quantitative real-time RT-PCR; patent states RT-PCR data normalized using EITHER GAPDH OR total RNA via RiboGreen, without committing to one (genuine boilerplate ambiguity, so basis=unknown). A separate set of Northern-blot examples (PHOSPHORIMAGER/IMAGEQUANT) is explicitly 'normalized to GAPDH levels in untreated controls'. No bDNA/QuantiGene. beta-actin/GAPDH otherwise only as decoy/boilerplate. ACTB NOT used as normalizer."
