ASO,experiment_name,inhibition_rate,experiment
NEG1,Sequence,CGTTTAGGCTATGTACTT,
S6,Sequence,TCTATCGTGATGTTTCT,
A06055H,Sequence,CCGCAGGCCAGCATCAC,
A06049H,Sequence,ACAAAACGTCCATGTTC,
A06037H,Sequence,CAGGACGTCAAAGCAC,
A06017H,Sequence,AGGACGTCAAAGCAC,
A06048H,Sequence,GTTGGCAGTAAGGAACA,
A06014H,Sequence,GAGAACAAAACGTCC,
A06026H,Sequence,TGGCTTGCAGGAATC,
A06023HM,Sequence,TAAGCTTCCCGCAGG,
A06036H,Sequence,AATATATGCGAAGAAC,
A06051H,Sequence,GAACTGAGCAGCATGTC,
A06003H,Sequence,ATGCGAAGAACACT,
A06006H,Sequence,GCCATTCTTGTAGTC,
A06004H,Sequence,TATATGCGAAGAAC,
A06072H,Sequence,CTCAACTCTTTCTCGAA,
A06013HM,Sequence,GTCAGGGGCTTATTA,
A06010H,Sequence,TTGGCAAGACCTTAC,
A06016H,Sequence,TATGCGAAGAACACT,
A06031H,Sequence,GCAAGACCTTACGGAC,
A06032H,Sequence,GTTGGCAGTAAGGAAC,
A06024H,Sequence,AGATGGTAGCTCCTC,
A06047H,Sequence,GGCAAGACCTTACGGAC,
A06034H,Sequence,CAGTCTCCATCACGAA,
A06053H,Sequence,GTTCCTGTGAGCTGGTG,
A06040HM,Sequence,TTGCAGATGGTAGCTC,
A06019H,Sequence,GAGCTGGTGGCATAT,
A06033H,Sequence,GAGAACAAAACGTCCA,
A06064H,Sequence,GATTGTCCAGGAGTTT,
A06052H,Sequence,GAGCTGGTGGCATATAT,
A06056H,Sequence,TTGCAGATGGTAGCTCC,
A06042H,Sequence,ATTCTTGTAGTCTGCTC,
A06012H,Sequence,GACACAGTCTGCATA,
A06027H,Sequence,GTCTTCAGAGGTCTT,
A06018H,Sequence,GAGCTGGTGGCATAT,
A06038H,Sequence,TGAGCTGGTGGCATAT,
A06070H,Sequence,GATTGTCCAGGAGTTTT,
A06039H,Sequence,GACAAACTCACGGACT,
A06067H,Sequence,TTCTCAACTCTTTCTC,
A06041H,Sequence,GAGGTCTTTTGTATTG,
A06071H,Sequence,CTCAACTCTTTCTCGAA,
A06022HM,Sequence,GACAAACTCACGGAC,
A06061H,Sequence,CTCAACTCTTTCTCG,
A06059H,Sequence,GATTGTCCAGGAGTT,
A06005H,Sequence,ACTTAGTCACGATT,
A06054H,Sequence,AGGACAAACTCACGGAC,
A06020H,Sequence,GACAAACTCACGGAC,
A06025H,Sequence,GTACTTAGTCACGAT,
A06066H,Sequence,TCTCAACTCTTTCTCG,
A06021HM,Sequence,GACAAACTCACGGAC,
A06058H,Sequence,GCGCTGTGACTTGT,
A06008H,Sequence,CTCAACTCTTTCTCG,
A06011H,Sequence,GTTGGCAGTAAGGAA,
A06069H,Sequence,AGTGTCCCGTTCTTGC,
A06068H,Sequence,AGGCGCTGTGACTTGT,
A06063H,Sequence,GTGTCCCGTTCTTGC,
A06057H,Sequence,GCGCTGTGACTTGT,
A06043H,Sequence,CCAGACTCTATGAGATC,
A06044H,Sequence,GAGATGATCAATGCTGA,
A06065H,Sequence,TGATTGTCCAGGAGTT,
A06060H,Sequence,TGATTGTCCAGGAGT,
A06015H,Sequence,AGTGTCCCGTTCTTG,
A06002H,Sequence,AGGCGCTGTGACTT,
A06050H,Sequence,AGTGTCCCGTTCTTGCA,
A06046H,Sequence,GGTGATGCATCCCAGAA,
A06007H,Sequence,GATTGTCCAGGAGTT,
A06028H,Sequence,CTTGTAGTCTGCTCCT,
A06062H,Sequence,AGGCGCTGTGACTTG,
A06035H,Sequence,AGTGTCCCGTTCTTGC,
A06001H,Sequence,GGCGCTGTGACTTG,
A06030H,Sequence,AGGCGCTGTGACTTGT,
A06045H,Sequence,AGGCGCTGTGACTTGTG,
A06029H,Sequence,GGCGCTGTGACTTGTG,
A06009H,Sequence,GGCGCTGTGACTTGT,
NEG1,Length,18,
S6,Length,17,
A06055H,Length,17,
A06049H,Length,17,
A06037H,Length,16,
A06017H,Length,15,
A06048H,Length,17,
A06014H,Length,15,
A06026H,Length,15,
A06023HM,Length,15,
A06036H,Length,16,
A06051H,Length,17,
A06003H,Length,14,
A06006H,Length,15,
A06004H,Length,14,
A06072H,Length,17,
A06013HM,Length,15,
A06010H,Length,15,
A06016H,Length,15,
A06031H,Length,16,
A06032H,Length,16,
A06024H,Length,15,
A06047H,Length,17,
A06034H,Length,16,
A06053H,Length,17,
A06040HM,Length,16,
A06019H,Length,15,
A06033H,Length,16,
A06064H,Length,16,
A06052H,Length,17,
A06056H,Length,17,
A06042H,Length,17,
A06012H,Length,15,
A06027H,Length,15,
A06018H,Length,15,
A06038H,Length,16,
A06070H,Length,17,
A06039H,Length,16,
A06067H,Length,16,
A06041H,Length,16,
A06071H,Length,17,
A06022HM,Length,15,
A06061H,Length,15,
A06059H,Length,15,
A06005H,Length,14,
A06054H,Length,17,
A06020H,Length,15,
A06025H,Length,15,
A06066H,Length,16,
A06021HM,Length,15,
A06058H,Length,14,
A06008H,Length,15,
A06011H,Length,15,
A06069H,Length,16,
A06068H,Length,16,
A06063H,Length,15,
A06057H,Length,14,
A06043H,Length,17,
A06044H,Length,17,
A06065H,Length,16,
A06060H,Length,15,
A06015H,Length,15,
A06002H,Length,14,
A06050H,Length,17,
A06046H,Length,17,
A06007H,Length,15,
A06028H,Length,16,
A06062H,Length,15,
A06035H,Length,16,
A06001H,Length,14,
A06030H,Length,16,
A06045H,Length,17,
A06029H,Length,16,
A06009H,Length,15,
NEG1,inhibition_rate_efo21_1,1.3,
S6,inhibition_rate_efo21_1,0.8540000000000001,
A06055H,inhibition_rate_efo21_1,0.647,
A06049H,inhibition_rate_efo21_1,0.755,
A06037H,inhibition_rate_efo21_1,0.604,
A06017H,inhibition_rate_efo21_1,0.5920000000000001,
A06048H,inhibition_rate_efo21_1,0.547,
A06014H,inhibition_rate_efo21_1,0.541,
A06026H,inhibition_rate_efo21_1,0.478,
A06023HM,inhibition_rate_efo21_1,0.406,
A06036H,inhibition_rate_efo21_1,0.272,
A06051H,inhibition_rate_efo21_1,0.263,
A06003H,inhibition_rate_efo21_1,0.369,
A06006H,inhibition_rate_efo21_1,0.207,
A06004H,inhibition_rate_efo21_1,0.348,
A06072H,inhibition_rate_efo21_1,0.153,
A06013HM,inhibition_rate_efo21_1,0.2,
A06010H,inhibition_rate_efo21_1,0.261,
A06016H,inhibition_rate_efo21_1,0.303,
A06031H,inhibition_rate_efo21_1,0.132,
A06032H,inhibition_rate_efo21_1,0.136,
A06024H,inhibition_rate_efo21_1,0.127,
A06047H,inhibition_rate_efo21_1,0.086,
A06034H,inhibition_rate_efo21_1,0.102,
A06053H,inhibition_rate_efo21_1,0.124,
A06040HM,inhibition_rate_efo21_1,0.114,
A06019H,inhibition_rate_efo21_1,0.104,
A06033H,inhibition_rate_efo21_1,0.15,
A06064H,inhibition_rate_efo21_1,0.026,
A06052H,inhibition_rate_efo21_1,0.127,
A06056H,inhibition_rate_efo21_1,0.1159999999999999,
A06042H,inhibition_rate_efo21_1,0.066,
A06012H,inhibition_rate_efo21_1,0.085,
A06027H,inhibition_rate_efo21_1,0.095,
A06018H,inhibition_rate_efo21_1,0.078,
A06038H,inhibition_rate_efo21_1,0.089,
A06070H,inhibition_rate_efo21_1,0.016,
A06039H,inhibition_rate_efo21_1,0.085,
A06067H,inhibition_rate_efo21_1,0.039,
A06041H,inhibition_rate_efo21_1,0.136,
A06071H,inhibition_rate_efo21_1,0.0279999999999999,
A06022HM,inhibition_rate_efo21_1,0.073,
A06061H,inhibition_rate_efo21_1,0.016,
A06059H,inhibition_rate_efo21_1,0.015,
A06005H,inhibition_rate_efo21_1,0.08,
A06054H,inhibition_rate_efo21_1,0.063,
A06020H,inhibition_rate_efo21_1,0.061,
A06025H,inhibition_rate_efo21_1,0.074,
A06066H,inhibition_rate_efo21_1,0.011,
A06021HM,inhibition_rate_efo21_1,0.061,
A06058H,inhibition_rate_efo21_1,0.021,
A06008H,inhibition_rate_efo21_1,0.019,
A06011H,inhibition_rate_efo21_1,0.0279999999999999,
A06069H,inhibition_rate_efo21_1,0.023,
A06068H,inhibition_rate_efo21_1,0.005,
A06063H,inhibition_rate_efo21_1,0.019,
A06057H,inhibition_rate_efo21_1,0.004,
A06043H,inhibition_rate_efo21_1,0.0139999999999999,
A06044H,inhibition_rate_efo21_1,0.02,
A06065H,inhibition_rate_efo21_1,0.004,
A06060H,inhibition_rate_efo21_1,0.005,
A06015H,inhibition_rate_efo21_1,0.0579999999999999,
A06002H,inhibition_rate_efo21_1,0.012,
A06050H,inhibition_rate_efo21_1,0.049,
A06046H,inhibition_rate_efo21_1,0.02,
A06007H,inhibition_rate_efo21_1,0.006,
A06028H,inhibition_rate_efo21_1,0.019,
A06062H,inhibition_rate_efo21_1,0.003,
A06035H,inhibition_rate_efo21_1,0.037,
A06001H,inhibition_rate_efo21_1,0.015,
A06030H,inhibition_rate_efo21_1,0.002,
A06045H,inhibition_rate_efo21_1,0.008,
A06029H,inhibition_rate_efo21_1,0.005,
A06009H,inhibition_rate_efo21_1,0.01,
NEG1,inhibition_rate_sk0v3_1,1.118,
S6,inhibition_rate_sk0v3_1,1.069,
A06055H,inhibition_rate_sk0v3_1,1.091,
A06049H,inhibition_rate_sk0v3_1,0.89,
A06037H,inhibition_rate_sk0v3_1,0.858,
A06017H,inhibition_rate_sk0v3_1,0.777,
A06048H,inhibition_rate_sk0v3_1,0.789,
A06014H,inhibition_rate_sk0v3_1,0.609,
A06026H,inhibition_rate_sk0v3_1,0.532,
A06023HM,inhibition_rate_sk0v3_1,0.5920000000000001,
A06036H,inhibition_rate_sk0v3_1,0.659,
A06051H,inhibition_rate_sk0v3_1,0.607,
A06003H,inhibition_rate_sk0v3_1,0.417,
A06006H,inhibition_rate_sk0v3_1,0.547,
A06004H,inhibition_rate_sk0v3_1,0.402,
A06072H,inhibition_rate_sk0v3_1,0.55,
A06013HM,inhibition_rate_sk0v3_1,0.4429999999999999,
A06010H,inhibition_rate_sk0v3_1,0.357,
A06016H,inhibition_rate_sk0v3_1,0.307,
A06031H,inhibition_rate_sk0v3_1,0.4529999999999999,
A06032H,inhibition_rate_sk0v3_1,0.402,
A06024H,inhibition_rate_sk0v3_1,0.369,
A06047H,inhibition_rate_sk0v3_1,0.405,
A06034H,inhibition_rate_sk0v3_1,0.3779999999999999,
A06053H,inhibition_rate_sk0v3_1,0.3379999999999999,
A06040HM,inhibition_rate_sk0v3_1,0.308,
A06019H,inhibition_rate_sk0v3_1,0.308,
A06033H,inhibition_rate_sk0v3_1,0.261,
A06064H,inhibition_rate_sk0v3_1,0.372,
A06052H,inhibition_rate_sk0v3_1,0.261,
A06056H,inhibition_rate_sk0v3_1,0.255,
A06042H,inhibition_rate_sk0v3_1,0.292,
A06012H,inhibition_rate_sk0v3_1,0.262,
A06027H,inhibition_rate_sk0v3_1,0.251,
A06018H,inhibition_rate_sk0v3_1,0.266,
A06038H,inhibition_rate_sk0v3_1,0.246,
A06070H,inhibition_rate_sk0v3_1,0.317,
A06039H,inhibition_rate_sk0v3_1,0.248,
A06067H,inhibition_rate_sk0v3_1,0.287,
A06041H,inhibition_rate_sk0v3_1,0.181,
A06071H,inhibition_rate_sk0v3_1,0.263,
A06022HM,inhibition_rate_sk0v3_1,0.215,
A06061H,inhibition_rate_sk0v3_1,0.259,
A06059H,inhibition_rate_sk0v3_1,0.249,
A06005H,inhibition_rate_sk0v3_1,0.178,
A06054H,inhibition_rate_sk0v3_1,0.191,
A06020H,inhibition_rate_sk0v3_1,0.185,
A06025H,inhibition_rate_sk0v3_1,0.143,
A06066H,inhibition_rate_sk0v3_1,0.203,
A06021HM,inhibition_rate_sk0v3_1,0.149,
A06058H,inhibition_rate_sk0v3_1,0.187,
A06008H,inhibition_rate_sk0v3_1,0.105,
A06011H,inhibition_rate_sk0v3_1,0.168,
A06069H,inhibition_rate_sk0v3_1,0.163,
A06068H,inhibition_rate_sk0v3_1,0.155,
A06063H,inhibition_rate_sk0v3_1,0.139,
A06057H,inhibition_rate_sk0v3_1,0.154,
A06043H,inhibition_rate_sk0v3_1,0.14,
A06044H,inhibition_rate_sk0v3_1,0.109,
A06065H,inhibition_rate_sk0v3_1,0.122,
A06060H,inhibition_rate_sk0v3_1,0.12,
A06015H,inhibition_rate_sk0v3_1,0.054,
A06002H,inhibition_rate_sk0v3_1,0.091,
A06050H,inhibition_rate_sk0v3_1,0.051,
A06046H,inhibition_rate_sk0v3_1,0.078,
A06007H,inhibition_rate_sk0v3_1,0.067,
A06028H,inhibition_rate_sk0v3_1,0.072,
A06062H,inhibition_rate_sk0v3_1,0.084,
A06035H,inhibition_rate_sk0v3_1,0.0409999999999999,
A06001H,inhibition_rate_sk0v3_1,0.051,
A06030H,inhibition_rate_sk0v3_1,0.04,
A06045H,inhibition_rate_sk0v3_1,0.05,
A06029H,inhibition_rate_sk0v3_1,0.037,
A06009H,inhibition_rate_sk0v3_1,0.026,
A06008H,inhibition_rate_sk0v3_2,0.187,
A06007H,inhibition_rate_sk0v3_2,0.108,
A06035H,inhibition_rate_sk0v3_2,0.054,
A06030H,inhibition_rate_sk0v3_2,0.063,
A06007H,inhibition_rate_efo21_2,0.003,
A06035H,inhibition_rate_efo21_2,0.015,
A06030H,inhibition_rate_efo21_2,0.012,
NEG1,average_inhibition_rate,1.209,
S6,average_inhibition_rate,0.9615,
A06055H,average_inhibition_rate,0.869,
A06049H,average_inhibition_rate,0.8225,
A06037H,average_inhibition_rate,0.731,
A06017H,average_inhibition_rate,0.6845000000000001,
A06048H,average_inhibition_rate,0.668,
A06014H,average_inhibition_rate,0.575,
A06026H,average_inhibition_rate,0.505,
A06023HM,average_inhibition_rate,0.499,
A06036H,average_inhibition_rate,0.4655,
A06051H,average_inhibition_rate,0.435,
A06003H,average_inhibition_rate,0.393,
A06006H,average_inhibition_rate,0.377,
A06004H,average_inhibition_rate,0.375,
A06072H,average_inhibition_rate,0.3515,
A06013HM,average_inhibition_rate,0.3214999999999999,
A06010H,average_inhibition_rate,0.309,
A06016H,average_inhibition_rate,0.305,
A06031H,average_inhibition_rate,0.2925,
A06032H,average_inhibition_rate,0.269,
A06024H,average_inhibition_rate,0.248,
A06047H,average_inhibition_rate,0.2455,
A06034H,average_inhibition_rate,0.2399999999999999,
A06053H,average_inhibition_rate,0.2309999999999999,
A06040HM,average_inhibition_rate,0.211,
A06019H,average_inhibition_rate,0.206,
A06033H,average_inhibition_rate,0.2055,
A06064H,average_inhibition_rate,0.199,
A06052H,average_inhibition_rate,0.194,
A06056H,average_inhibition_rate,0.1854999999999999,
A06042H,average_inhibition_rate,0.179,
A06012H,average_inhibition_rate,0.1735,
A06027H,average_inhibition_rate,0.173,
A06018H,average_inhibition_rate,0.172,
A06038H,average_inhibition_rate,0.1674999999999999,
A06070H,average_inhibition_rate,0.1665,
A06039H,average_inhibition_rate,0.1665,
A06067H,average_inhibition_rate,0.1629999999999999,
A06041H,average_inhibition_rate,0.1585,
A06071H,average_inhibition_rate,0.1454999999999999,
A06022HM,average_inhibition_rate,0.144,
A06061H,average_inhibition_rate,0.1375,
A06059H,average_inhibition_rate,0.132,
A06005H,average_inhibition_rate,0.129,
A06054H,average_inhibition_rate,0.127,
A06020H,average_inhibition_rate,0.123,
A06025H,average_inhibition_rate,0.1084999999999999,
A06066H,average_inhibition_rate,0.107,
A06021HM,average_inhibition_rate,0.105,
A06058H,average_inhibition_rate,0.104,
A06008H,average_inhibition_rate,0.1036666666666666,
A06011H,average_inhibition_rate,0.0979999999999999,
A06069H,average_inhibition_rate,0.093,
A06068H,average_inhibition_rate,0.08,
A06063H,average_inhibition_rate,0.079,
A06057H,average_inhibition_rate,0.079,
A06043H,average_inhibition_rate,0.0769999999999999,
A06044H,average_inhibition_rate,0.0645,
A06065H,average_inhibition_rate,0.063,
A06060H,average_inhibition_rate,0.0625,
A06015H,average_inhibition_rate,0.0559999999999999,
A06002H,average_inhibition_rate,0.0515,
A06050H,average_inhibition_rate,0.05,
A06046H,average_inhibition_rate,0.049,
A06007H,average_inhibition_rate,0.046,
A06028H,average_inhibition_rate,0.0455,
A06062H,average_inhibition_rate,0.0435,
A06035H,average_inhibition_rate,0.0367499999999999,
A06001H,average_inhibition_rate,0.033,
A06030H,average_inhibition_rate,0.02925,
A06045H,average_inhibition_rate,0.029,
A06029H,average_inhibition_rate,0.0209999999999999,
A06009H,average_inhibition_rate,0.018,
